SUBCATEGORY,CATEGORY,SECTION,AVG_QTY_STRUK_MONTH_BEFORE,AVG_QTY_STRUK_MONTH_AFTER,AVG_QTY_STRUK_MONTH_GROWTH,AVG_STRUK_MONTH_BEFORE,AVG_STRUK_MONTH_AFTER,AVG_STRUK_MONTH_GROWTH,PURCHASE_FREQUENCY_BEFORE,PURCHASE_FREQUENCY_AFTER,PURCHASE_FREQUENCY_GROWTH,SPT_BEFORE,SPT_AFTER,SPT_GROWTH,SPB_BEFORE,SPB_AFTER,SPB_GROWTH,BUYER_COUNT_BEFORE,BUYER_COUNT_AFTER,BUYER_COUNT_GROWTH
1511C - RICE BAG 10KG,1511 - RICE,-,1.07,,,20.5,,,1.46,,,165268.0,,,241291.0,,,28.0,,
4251B - CLEANING EQUIPMENT TOILET,4251 - CLEANING EQUIPMENT,-,1.0,1.0,0.0,5.5,3.0,-0.4545,1.0,1.0,0.0,9300.0,9300.0,0.0,9300.0,9300.0,0.0,11.0,9.0,-0.1818
5831A - RELIGIOUS NEEDS,5831 - RELIGIOUS NEEDS,-,,2.0,,,1.33,,,1.0,,,131350.0,,,131350.0,,,4.0,
6229A - CHILLED SEAFOOD,6229 - CHILLED SEAFOOD,-,,1.6,,,248.0,,,1.28,,,13311.0,,,17038.0,,,580.0,
6235A - FROZEN MEAT BALLS,6235 - FROZEN MEAT BALLS,-,1.05,1.33,0.2667,80.5,22.33,-0.7226,1.11,1.22,0.0991,34109.0,49715.0,0.4575,37861.0,60652.0,0.602,145.0,55.0,-0.6207
6236A - FROZEN SAUSAGES,6236 - FROZEN SAUSAGES,-,1.04,1.08,0.0385,167.5,64.33,-0.6159,1.12,1.07,-0.0446,42284.0,43996.0,0.0405,47358.0,47076.0,-0.006,298.0,180.0,-0.396
4641A - TRAVEL ACCESSORIES,4641 - ACCESSORIES TRAVEL,ACCESSORIES,1.29,1.0,-0.2248,3.5,2.0,-0.4286,1.17,1.0,-0.1453,29871.0,23233.0,-0.2222,34949.0,23233.0,-0.3352,6.0,6.0,0.0
5521A - BABIES/CHILDREN SOCK,5521 - BABIES & CHILDREN SOCK,ACCESSORIES,1.0,1.0,0.0,4.5,0.67,-0.8511,1.0,1.0,0.0,21122.0,20400.0,-0.0342,21122.0,20400.0,-0.0342,9.0,2.0,-0.7778
5523A - MENS SOCK,5523 - MENS SOCK,ACCESSORIES,1.11,1.11,0.0,30.5,20.33,-0.3334,1.02,1.07,0.049,22638.0,23672.0,0.0457,23091.0,25329.0,0.0969,60.0,57.0,-0.05
5811A - COMB,5811 - COMB,ACCESSORIES,1.05,1.02,-0.0286,41.0,15.33,-0.6261,1.01,1.0,-0.0099,15082.0,12983.0,-0.1392,15233.0,12983.0,-0.1477,81.0,46.0,-0.4321
5812A - HAIR GROOMING,5812 - HAIR ACCESSORIES,ACCESSORIES,1.1,1.08,-0.0182,49.5,30.33,-0.3873,1.02,1.01,-0.0098,19463.0,19058.0,-0.0208,19852.0,19249.0,-0.0304,97.0,90.0,-0.0722
5813A - PIN & SCISSORS NAIL,5813 - PIN & SCISSORS NAIL,ACCESSORIES,1.0,1.02,0.02,48.0,21.33,-0.5556,1.01,1.0,-0.0099,20351.0,19533.0,-0.0402,20555.0,19533.0,-0.0497,95.0,64.0,-0.3263
5814A - BEAUTY ACCESSORIES,5814 - BEAUTY ACCESSORIES,ACCESSORIES,1.06,1.14,0.0755,16.0,2.33,-0.8544,1.03,1.0,-0.0291,14491.0,13200.0,-0.0891,14926.0,13200.0,-0.1156,31.0,7.0,-0.7742
5911A - HAIR ACCESSORIES IMPORT,5911 - HAIR ACCESSORIES IMPORT,ACCESSORIES,1.0,1.12,0.12,6.0,2.67,-0.555,1.0,1.0,0.0,20283.0,21462.0,0.0581,20283.0,21462.0,0.0581,12.0,8.0,-0.3333
4741A - CAR AIR FRESHENER GEL,4741 - CAR AIR FRESHENER,AIR FRESHNER,1.39,1.32,-0.0504,209.0,104.0,-0.5024,1.06,1.04,-0.0189,16353.0,16782.0,0.0262,17334.0,17453.0,0.0069,394.0,299.0,-0.2411
4741B - CAR AIR FRESHENER PAPPER,4741 - CAR AIR FRESHENER,AIR FRESHNER,1.19,1.14,-0.042,182.0,93.33,-0.4872,1.1,1.07,-0.0273,18181.0,18177.0,-0.0002,19999.0,19449.0,-0.0275,332.0,262.0,-0.2108
4741C - CAR AIR FRESHENER LIQUID,4741 - CAR AIR FRESHENER,AIR FRESHNER,1.06,1.21,0.1415,48.5,39.0,-0.1959,1.08,1.04,-0.037,39305.0,42482.0,0.0808,42449.0,44181.0,0.0408,90.0,112.0,0.2444
2411A - SKT (SIGARET KRETEK TANGAN) 10-12,2411 - SKT (SIGARET KRETEK TANGAN),BACKWALL,1.28,1.24,-0.0313,974.5,959.67,-0.0152,1.55,1.68,0.0839,21703.0,20976.0,-0.0335,33640.0,35240.0,0.0476,1260.0,1717.0,0.3627
2411B - SKT (SIGARET KRETEK TANGAN) 16-20,2411 - SKT (SIGARET KRETEK TANGAN),BACKWALL,1.12,1.06,-0.0536,68.0,53.0,-0.2206,1.48,1.3,-0.1216,29884.0,27164.0,-0.091,44228.0,35313.0,-0.2016,92.0,122.0,0.3261
2412A - SKM (SIGARET KRETEK MESIN) LTLN 12,2412 - SKM (SIGARET KRETEK MESIN) LTLN,BACKWALL,1.34,1.07,-0.2015,296.0,224.33,-0.2421,1.52,1.34,-0.1184,29613.0,24536.0,-0.1714,45012.0,32878.0,-0.2696,389.0,503.0,0.2931
2412B - SKM (SIGARET KRETEK MESIN) LTLN 16,2412 - SKM (SIGARET KRETEK MESIN) LTLN,BACKWALL,1.29,1.19,-0.0775,1699.5,1346.33,-0.2078,1.77,1.71,-0.0339,42571.0,39773.0,-0.0657,75351.0,68012.0,-0.0974,1920.0,2366.0,0.2323
2412C - SKM (SIGARET KRETEK MESIN) LTLN 20,2412 - SKM (SIGARET KRETEK MESIN) LTLN,BACKWALL,1.17,1.16,-0.0085,432.0,337.0,-0.2199,1.59,1.53,-0.0377,48480.0,49482.0,0.0207,77083.0,75707.0,-0.0179,543.0,662.0,0.2192
2413A - SKM (SIGARET KRETEK MESIN) FF 12,2413 - SKM (SIGARET KRETEK MESIN) FF,BACKWALL,1.26,1.22,-0.0317,1060.0,769.67,-0.2739,1.7,1.65,-0.0294,31124.0,30451.0,-0.0216,52911.0,50244.0,-0.0504,1248.0,1400.0,0.1218
2413B - SKM (SIGARET KRETEK MESIN) FF 16,2413 - SKM (SIGARET KRETEK MESIN) FF,BACKWALL,1.19,1.11,-0.0672,415.0,211.67,-0.49,1.64,1.38,-0.1585,40850.0,41376.0,0.0129,66994.0,57099.0,-0.1477,506.0,461.0,-0.0889
2413C - SKM (SIGARET KRETEK MESIN) FF 20,2413 - SKM (SIGARET KRETEK MESIN) FF,BACKWALL,1.16,1.12,-0.0345,74.0,83.33,0.1261,1.3,1.3,0.0,45875.0,43200.0,-0.0583,59638.0,56160.0,-0.0583,114.0,192.0,0.6842
2414A - SPM (SIGARET PUTIH MESIN),2414 - SPM (SIGARET PUTIH MESIN),BACKWALL,1.28,1.28,0.0,609.5,465.67,-0.236,1.9,1.67,-0.1211,46526.0,48305.0,0.0382,88399.0,80669.0,-0.0874,643.0,838.0,0.3033
2415A - DEVICE,2415 - SIGARET ELEKTRIK,BACKWALL,1.0,1.0,0.0,24.5,16.33,-0.3335,1.14,1.02,-0.1053,135102.0,97547.0,-0.278,154016.0,99498.0,-0.354,43.0,48.0,0.1163
2415B - DISPOSABLE DEVICE,2415 - SIGARET ELEKTRIK,BACKWALL,1.11,1.26,0.1351,79.5,78.33,-0.0147,1.41,1.22,-0.1348,82387.0,53663.0,-0.3486,116166.0,65469.0,-0.4364,113.0,192.0,0.6991
2415C - LIQUID,2415 - SIGARET ELEKTRIK,BACKWALL,1.25,1.28,0.024,139.0,142.33,0.024,1.46,1.86,0.274,92556.0,68591.0,-0.2589,135132.0,127579.0,-0.0559,190.0,229.0,0.2053
2415E - HEATED TOBACCO,2415 - SIGARET ELEKTRIK,BACKWALL,1.0,1.44,0.44,0.5,95.67,190.34,1.0,2.19,1.19,30000.0,48314.0,0.6105,30000.0,105808.0,2.5269,1.0,131.0,130.0
"2421A - LIGHTER,MATCHES,PAPER","2421 - LIGHTER, MATCHES & PAPER",BACKWALL,1.05,1.06,0.0095,247.0,190.67,-0.2281,1.13,1.16,0.0265,6683.0,7186.0,0.0753,7552.0,8336.0,0.1038,436.0,494.0,0.133
1113A - MINERAL WATER CUP,1113 - MINERAL WATER,BCTB (FLOOR),1.27,1.32,0.0394,396.0,48.33,-0.878,1.33,1.1,-0.1729,39813.0,42022.0,0.0555,52951.0,46224.0,-0.127,596.0,132.0,-0.7785
1119A - MINERAL WATER GALON 15-19L,1119 - MINERAL WATER GALON,BCTB (FLOOR),1.35,1.39,0.0296,7553.5,488.33,-0.9354,2.2,1.49,-0.3227,29608.0,30629.0,0.0345,65138.0,45637.0,-0.2994,6879.0,983.0,-0.8571
1119B - MINERAL WATER GALON 5-6L,1119 - MINERAL WATER GALON,BCTB (FLOOR),1.15,1.18,0.0261,456.5,46.67,-0.8978,1.39,1.14,-0.1799,18874.0,20878.0,0.1062,26235.0,23801.0,-0.0928,658.0,123.0,-0.8131
1119C - GALON,1119 - MINERAL WATER GALON,BCTB (FLOOR),1.09,1.42,0.3028,394.0,14.33,-0.9636,1.16,1.0,-0.1379,36343.0,48495.0,0.3344,42158.0,48495.0,0.1503,679.0,43.0,-0.9367
6111A - PACK EGG (NEGERI),6111 - PACK EGG (NEGERI),BCTB (FLOOR),9.5,9.02,-0.0505,243.5,75.0,-0.692,1.26,1.21,-0.0397,31090.0,29914.0,-0.0378,39173.0,36196.0,-0.076,386.0,186.0,-0.5181
6111C - PACK EGG 10'S,6111 - PACK EGG (NEGERI),BCTB (FLOOR),,1.05,,,43.33,,,1.26,,,24815.0,,,31267.0,,,103.0,
6112A - BULKY EGG,6112 - BULKY EGG,BCTB (FLOOR),11.16,10.42,-0.0663,1663.5,306.67,-0.8156,1.57,1.33,-0.1529,25911.0,24609.0,-0.0502,40680.0,32730.0,-0.1954,2125.0,692.0,-0.6744
6121A - PACK EGG (KAMPUNG),6121 - PACK EGG (KAMPUNG),BCTB (FLOOR),5.73,5.6,-0.0227,169.5,64.33,-0.6205,1.28,1.32,0.0313,24028.0,23653.0,-0.0156,30756.0,31222.0,0.0152,264.0,146.0,-0.447
6131A - SALTY,6131 - SALTY EGG,BCTB (FLOOR),1.35,1.33,-0.0148,55.0,9.0,-0.8364,1.2,1.08,-0.1,16011.0,15867.0,-0.009,19213.0,17136.0,-0.1081,92.0,25.0,-0.7283
1115B - REMEDIES DRINK BOX,1115 - REMEDIES DRINK,BEVERAGES,1.03,1.14,0.1068,120.0,38.67,-0.6778,1.06,1.05,-0.0094,18834.0,22459.0,0.1925,19964.0,23582.0,0.1812,227.0,111.0,-0.511
1121A - NATA DE COCO (PERSONAL PACK),1121 - DESSERT,BEVERAGES,1.27,1.27,0.0,170.0,71.33,-0.5804,1.13,1.13,0.0,8431.0,8369.0,-0.0074,9527.0,9457.0,-0.0073,300.0,190.0,-0.3667
1121B - NATA DE COCO (FAMILY PACK),1121 - DESSERT,BEVERAGES,1.15,1.24,0.0783,62.0,40.0,-0.3548,1.1,1.05,-0.0455,23846.0,24412.0,0.0237,26231.0,25633.0,-0.0228,113.0,114.0,0.0088
1121D - ICE POP,1121 - DESSERT,BEVERAGES,1.43,1.11,-0.2238,77.5,29.67,-0.6172,1.19,1.06,-0.1092,14491.0,11237.0,-0.2246,17244.0,11911.0,-0.3093,130.0,84.0,-0.3538
1121E - MIXED FRUIT,1121 - DESSERT,BEVERAGES,1.24,1.4,0.129,16.5,8.33,-0.4952,1.1,1.04,-0.0545,11673.0,13220.0,0.1325,12840.0,13749.0,0.0708,30.0,24.0,-0.2
1141A - SYRUP BOTTLE & POUCH,1141 - SYRUP,BEVERAGES,1.22,1.46,0.1967,136.0,117.33,-0.1373,1.06,1.04,-0.0189,33064.0,37875.0,0.1455,35048.0,39390.0,0.1239,256.0,337.0,0.3164
1142A - SQUASH BOTTLE,1142 - SQUASH,BEVERAGES,1.37,3.38,1.4672,63.0,83.33,0.3227,1.12,1.07,-0.0446,24373.0,42653.0,0.75,27298.0,45639.0,0.6719,112.0,233.0,1.0804
1144A - POWDER DRINK BOX,1144 - POWDER DRINK,BEVERAGES,1.0,,,2.5,,,1.0,,,61260.0,,,61260.0,,,5.0,,
1144C - POWDER DRINK BAG,1144 - POWDER DRINK,BEVERAGES,1.13,1.05,-0.0708,27.0,6.67,-0.753,1.12,1.0,-0.1071,18594.0,17290.0,-0.0701,20825.0,17290.0,-0.1697,48.0,20.0,-0.5833
1154C - RTD TEA TETRAPACK 1L,1154 - RTD TEA,BEVERAGES,1.37,1.33,-0.0292,309.0,98.0,-0.6828,1.33,1.29,-0.0301,15253.0,14653.0,-0.0393,20286.0,18902.0,-0.0682,464.0,228.0,-0.5086
1231A - TRADITIONAL DRINK SACHET 4-8S,1231 - TRADITIONAL DRINK,BEVERAGES,1.13,1.24,0.0973,180.0,121.33,-0.3259,1.14,1.19,0.0439,12848.0,14532.0,0.1311,14647.0,17293.0,0.1807,317.0,305.0,-0.0379
1231B - TRADITIONAL DRINK SACHET >=10S,1231 - TRADITIONAL DRINK,BEVERAGES,1.0,1.23,0.23,10.5,10.0,-0.0476,1.0,1.03,0.03,23024.0,27943.0,0.2136,23024.0,28781.0,0.25,21.0,29.0,0.381
2023D - TETRAPAK LIQUID MILK 900-1000ML,2023 - TETRAPACK LIQUID MILK,BEVERAGES,1.51,1.41,-0.0662,4899.0,1718.0,-0.6493,1.58,1.48,-0.0633,33133.0,29655.0,-0.105,52350.0,43889.0,-0.1616,6209.0,3472.0,-0.4408
2023E - TETRAPAK LIQUID MILK PACKED,2023 - TETRAPACK LIQUID MILK,BEVERAGES,1.46,2.16,0.4795,1480.5,1020.67,-0.3106,1.44,1.48,0.0278,25630.0,37925.0,0.4797,36907.0,56129.0,0.5208,2050.0,2075.0,0.0122
1311A - JAM 120-180G,1311 - JAM,BREAD CORNER (BC),1.08,1.07,-0.0093,393.0,195.33,-0.503,1.12,1.15,0.0268,22638.0,21160.0,-0.0653,25355.0,24334.0,-0.0403,701.0,510.0,-0.2725
1311B - JAM 200-300G,1311 - JAM,BREAD CORNER (BC),1.03,1.02,-0.0097,36.0,18.33,-0.4908,1.04,1.12,0.0769,27789.0,21027.0,-0.2433,28901.0,23550.0,-0.1851,69.0,49.0,-0.2899
1311C - JAM 340-400G,1311 - JAM,BREAD CORNER (BC),1.05,,,10.5,,,1.31,,,58295.0,,,76366.0,,,16.0,,
1312A - CHOCOLATE SPREAD,1312 - CHOCOLATE SPREAD,BREAD CORNER (BC),1.03,1.03,0.0,508.5,219.33,-0.5687,1.14,1.14,0.0,42122.0,40294.0,-0.0434,48019.0,45935.0,-0.0434,892.0,575.0,-0.3554
1313A - CHOCO RICE 90G,1313 - CHOCO RICE,BREAD CORNER (BC),1.05,1.06,0.0095,863.0,315.67,-0.6342,1.17,1.17,0.0,12122.0,12860.0,0.0609,14183.0,15046.0,0.0608,1478.0,807.0,-0.454
1313B - CHOCO RICE 225G,1313 - CHOCO RICE,BREAD CORNER (BC),1.06,1.09,0.0283,182.5,60.67,-0.6676,1.23,1.11,-0.0976,27583.0,28738.0,0.0419,33927.0,31899.0,-0.0598,297.0,164.0,-0.4478
1314A - CHEESE SLICE,1314 - CHEESE,BREAD CORNER (BC),1.22,1.21,-0.0082,889.0,288.33,-0.6757,1.25,1.18,-0.056,17047.0,17509.0,0.0271,21309.0,20661.0,-0.0304,1418.0,736.0,-0.481
1314B - CHEESE BLOCK,1314 - CHEESE,BREAD CORNER (BC),1.22,1.19,-0.0246,1608.0,672.67,-0.5817,1.26,1.24,-0.0159,21424.0,20048.0,-0.0642,26994.0,24860.0,-0.0791,2556.0,1624.0,-0.3646
1314C - CHEESE SPREAD,1314 - CHEESE,BREAD CORNER (BC),1.36,1.31,-0.0368,453.0,178.67,-0.6056,1.2,1.26,0.05,21803.0,21071.0,-0.0336,26164.0,26549.0,0.0147,758.0,425.0,-0.4393
6611A - WHITE BREAD,6611 - BREAD,BREAD CORNER (BC),1.05,1.05,0.0,5895.0,2627.33,-0.5543,1.54,1.55,0.0065,17938.0,18257.0,0.0178,27625.0,28298.0,0.0244,7642.0,5091.0,-0.3338
6611B - SWEET BREAD,6611 - BREAD,BREAD CORNER (BC),1.37,1.29,-0.0584,3149.0,1555.67,-0.506,1.35,1.34,-0.0074,12568.0,12071.0,-0.0395,16967.0,16175.0,-0.0467,4668.0,3485.0,-0.2534
6611C - SANDWICH BREAD,6611 - BREAD,BREAD CORNER (BC),1.43,1.49,0.042,1504.0,1026.67,-0.3174,1.27,1.32,0.0394,8072.0,8131.0,0.0073,10251.0,10733.0,0.047,2375.0,2337.0,-0.016
6611D - PULL APART BREAD,6611 - BREAD,BREAD CORNER (BC),1.18,1.19,0.0085,3667.0,1828.33,-0.5014,1.32,1.32,0.0,17156.0,17553.0,0.0231,22646.0,23170.0,0.0231,5550.0,4165.0,-0.2495
6612A - CAKE,6612 - CAKE,BREAD CORNER (BC),1.34,1.39,0.0373,902.5,536.67,-0.4054,1.29,1.27,-0.0155,9487.0,9088.0,-0.0421,12238.0,11542.0,-0.0569,1394.0,1263.0,-0.094
6612B - STEAM CAKE,6612 - CAKE,BREAD CORNER (BC),1.45,1.49,0.0276,302.0,367.33,0.2163,1.32,1.47,0.1136,13631.0,12313.0,-0.0967,17993.0,18100.0,0.0059,457.0,748.0,0.6368
1111A - ENERGY DRINK LIQUID BOTTLE  100-250ML,1111 - ENERGY DRINK,CHILLER,1.46,1.18,-0.1918,141.5,113.67,-0.1967,1.33,1.34,0.0075,9781.0,8038.0,-0.1782,13009.0,10771.0,-0.172,212.0,255.0,0.2028
1111B - ENERGY DRINK LIQUID CAN 200-350ML,1111 - ENERGY DRINK,CHILLER,1.39,1.2,-0.1367,65.5,32.0,-0.5115,1.16,1.12,-0.0345,14702.0,12273.0,-0.1652,17054.0,13746.0,-0.194,113.0,86.0,-0.2389
1112A - CARBONATED DRINK CAN 200-250ML,1112 - CARBONATED DRINK,CHILLER,1.48,1.19,-0.1959,97.0,24.33,-0.7492,1.22,1.03,-0.1557,12451.0,8358.0,-0.3287,15190.0,8609.0,-0.4332,159.0,71.0,-0.5535
1112B - CARBONATED DRINK CAN 300-330ML,1112 - CARBONATED DRINK,CHILLER,1.43,,,10.5,,,1.0,,,9476.0,,,9476.0,,,21.0,,
1112C - CARBONATED DRINK PET 250-450 ML,1112 - CARBONATED DRINK,CHILLER,1.19,1.35,0.1345,3272.5,331.33,-0.8988,1.87,1.2,-0.3583,6608.0,6827.0,0.0331,12357.0,8192.0,-0.3371,3496.0,826.0,-0.7637
1112D - CARBONATED DRINK PET 425-500ML,1112 - CARBONATED DRINK,CHILLER,1.23,1.13,-0.0813,76.5,59.0,-0.2288,1.22,1.2,-0.0164,11948.0,10412.0,-0.1286,14577.0,12494.0,-0.1429,125.0,148.0,0.184
1112E - CARBONATED DRINK PET 1000-1800ML,1112 - CARBONATED DRINK,CHILLER,1.18,1.58,0.339,1604.0,192.67,-0.8799,1.59,1.22,-0.2327,15556.0,17104.0,0.0995,24734.0,20867.0,-0.1563,2018.0,473.0,-0.7656
1113B - MINERAL WATER PET 330-400ML,1113 - MINERAL WATER,CHILLER,9.14,4.22,-0.5383,408.5,176.67,-0.5675,1.25,1.22,-0.024,25374.0,10621.0,-0.5814,31718.0,12958.0,-0.5915,651.0,434.0,-0.3333
1113C - MINERAL WATER PET 500-750ML,1113 - MINERAL WATER,CHILLER,3.53,2.17,-0.3853,3112.0,2115.33,-0.3203,1.45,1.51,0.0414,11303.0,7530.0,-0.3338,16389.0,11370.0,-0.3062,4288.0,4194.0,-0.0219
1113D - MINERAL WATER PET 1-1.5L,1113 - MINERAL WATER,CHILLER,2.63,1.54,-0.4144,2031.5,811.33,-0.6006,1.6,1.48,-0.075,16179.0,9905.0,-0.3878,25886.0,14659.0,-0.4337,2543.0,1649.0,-0.3516
1113I - FUNCTIONAL DRINK,1113 - MINERAL WATER,CHILLER,2.89,2.2,-0.2388,426.0,223.0,-0.4765,1.29,1.26,-0.0233,16468.0,12819.0,-0.2216,21244.0,16152.0,-0.2397,662.0,531.0,-0.1979
1114A - ISOTONIC DRINK PET 100-250ML,1114 - ISOTONIC DRINK,CHILLER,1.55,1.27,-0.1806,159.5,77.33,-0.5152,1.14,1.27,0.114,13075.0,11090.0,-0.1518,14905.0,14084.0,-0.0551,280.0,183.0,-0.3464
1114B - ISOTONIC DRINK PET 300-380ML,1114 - ISOTONIC DRINK,CHILLER,1.58,1.33,-0.1582,332.0,175.33,-0.4719,1.2,1.15,-0.0417,10225.0,9216.0,-0.0987,12270.0,10598.0,-0.1363,555.0,458.0,-0.1748
1114C - ISOTONIC DRINK PET 450-500ML,1114 - ISOTONIC DRINK,CHILLER,1.43,1.25,-0.1259,947.0,374.67,-0.6044,1.19,1.17,-0.0168,14487.0,11707.0,-0.1919,17240.0,13697.0,-0.2055,1585.0,964.0,-0.3918
1114D - ISOTONIC DRINK CAN 330ML,1114 - ISOTONIC DRINK,CHILLER,1.44,1.15,-0.2014,25.0,11.0,-0.56,1.04,1.0,-0.0385,9914.0,8036.0,-0.1894,10311.0,8036.0,-0.2206,48.0,33.0,-0.3125
1114E - ISOTONIC DRINK PET 900ML-1.5L,1114 - ISOTONIC DRINK,CHILLER,1.13,1.04,-0.0796,119.0,46.67,-0.6078,1.14,1.08,-0.0526,21683.0,16489.0,-0.2395,24719.0,17808.0,-0.2796,208.0,130.0,-0.375
1114F - ISOTONIC DRINK PET 2L,1114 - ISOTONIC DRINK,CHILLER,1.06,1.04,-0.0189,55.5,15.67,-0.7177,1.14,1.15,0.0088,25651.0,25268.0,-0.0149,29242.0,29058.0,-0.0063,97.0,41.0,-0.5773
1115A - REMEDIES DRINK CAN,1115 - REMEDIES DRINK,CHILLER,1.68,1.67,-0.006,712.5,477.67,-0.3296,1.23,1.29,0.0488,13300.0,13693.0,0.0295,16359.0,17664.0,0.0798,1154.0,1112.0,-0.0364
1115C - REMEDIES DRINK PET 150-350ML,1115 - REMEDIES DRINK,CHILLER,1.7,1.61,-0.0529,510.5,266.33,-0.4783,1.19,1.17,-0.0168,13903.0,13388.0,-0.037,16545.0,15664.0,-0.0532,855.0,685.0,-0.1988
1115D - REMEDIES DRINK PET 500-600ML,1115 - REMEDIES DRINK,CHILLER,1.73,1.38,-0.2023,345.5,155.33,-0.5504,1.19,1.18,-0.0084,15028.0,12900.0,-0.1416,17883.0,15222.0,-0.1488,580.0,395.0,-0.319
1116A - VITAMIN DRINK 100-150ML,1116 - VITAMIN DRINK,CHILLER,1.65,1.68,0.0182,737.5,342.0,-0.5363,1.21,1.25,0.0331,12959.0,13443.0,0.0373,15680.0,16804.0,0.0717,1214.0,819.0,-0.3254
1116B - VITAMIN DRINK 300-500ML,1116 - VITAMIN DRINK,CHILLER,1.84,1.43,-0.2228,94.5,82.0,-0.1323,1.16,1.2,0.0345,13930.0,11020.0,-0.2089,16159.0,13224.0,-0.1816,163.0,205.0,0.2577
1117A - YOGHURT BEVERAGE,1117 - YOGHURT BEVERAGE,CHILLER,1.63,1.43,-0.1227,235.5,146.33,-0.3786,1.21,1.29,0.0661,14322.0,10716.0,-0.2518,17330.0,13824.0,-0.2023,390.0,341.0,-0.1256
1118A - CARBONATED MALT,1118 - CARBONATED MALT,CHILLER,2.69,1.98,-0.2639,97.0,39.33,-0.5945,1.16,1.11,-0.0431,21337.0,16794.0,-0.2129,24751.0,18641.0,-0.2469,167.0,106.0,-0.3653
1118B - CARBONATED MALT PACK,1118 - CARBONATED MALT,CHILLER,1.22,1.2,-0.0164,20.5,10.0,-0.5122,1.05,1.25,0.1905,9976.0,9877.0,-0.0099,10475.0,12346.0,0.1786,39.0,24.0,-0.3846
1121C - GRASS JELLY,1121 - DESSERT,CHILLER,1.29,1.28,-0.0078,181.5,77.67,-0.5721,1.16,1.14,-0.0172,10867.0,12224.0,0.1249,12606.0,13935.0,0.1054,312.0,204.0,-0.3462
1151B - JUICE TETRAPACK 125-150ML,1151 - RTD JUICE,CHILLER,1.43,1.47,0.028,10.5,5.67,-0.46,1.11,1.13,0.018,6148.0,6329.0,0.0294,6824.0,7152.0,0.0481,19.0,15.0,-0.2105
1151C - JUICE TETRAPACK 200ML,1151 - RTD JUICE,CHILLER,1.64,1.4,-0.1463,42.5,8.33,-0.804,1.1,1.04,-0.0545,13854.0,11900.0,-0.141,15239.0,12376.0,-0.1879,77.0,24.0,-0.6883
1151D - JUICE TETRAPACK 240-250ML,1151 - RTD JUICE,CHILLER,1.7,1.53,-0.1,306.5,228.0,-0.2561,1.24,1.19,-0.0403,13152.0,12502.0,-0.0494,16308.0,14877.0,-0.0877,495.0,575.0,0.1616
1151E - JUICE TETRAPACK 750-1200ML,1151 - RTD JUICE,CHILLER,1.06,1.05,-0.0094,733.0,25.33,-0.9654,1.59,1.04,-0.3459,16033.0,22830.0,0.4239,25492.0,23743.0,-0.0686,924.0,73.0,-0.921
1151F - JUICE PET 200-450ML,1151 - RTD JUICE,CHILLER,1.15,1.33,0.1565,2875.0,306.0,-0.8936,1.78,1.22,-0.3146,7606.0,13742.0,0.8067,13539.0,16765.0,0.2383,3236.0,752.0,-0.7676
1151H - JUICE CAN 230-350ML,1151 - RTD JUICE,CHILLER,1.49,1.5,0.0067,66.0,66.33,0.005,1.32,1.14,-0.1364,16984.0,17831.0,0.0499,22419.0,20327.0,-0.0933,100.0,174.0,0.74
1154A - RTD TEA TETRAPACK 200-240ML,1154 - RTD TEA,CHILLER,2.85,2.22,-0.2211,191.5,94.0,-0.5091,1.21,1.22,0.0083,15131.0,7559.0,-0.5004,18309.0,9222.0,-0.4963,317.0,232.0,-0.2681
1154B - RTD TEA TETRAPACK 250-500ML,1154 - RTD TEA,CHILLER,2.49,3.73,0.498,361.5,268.0,-0.2586,1.19,1.33,0.1176,9502.0,12949.0,0.3628,11307.0,17222.0,0.5231,610.0,605.0,-0.0082
1154D - RTD TEA PET 250-420ML,1154 - RTD TEA,CHILLER,1.85,2.45,0.3243,2505.5,648.67,-0.7411,1.56,1.44,-0.0769,7022.0,9392.0,0.3375,10954.0,13524.0,0.2346,3206.0,1352.0,-0.5783
1154E - RTD TEA PET 450-500ML,1154 - RTD TEA,CHILLER,1.62,1.45,-0.1049,571.0,310.33,-0.4565,1.18,1.23,0.0424,11348.0,10793.0,-0.0489,13391.0,13275.0,-0.0087,967.0,756.0,-0.2182
1154G - RTD TEA CAN,1154 - RTD TEA,CHILLER,1.8,1.13,-0.3722,10.0,13.0,0.3,1.05,1.05,0.0,16535.0,10033.0,-0.3932,17362.0,10535.0,-0.3932,19.0,37.0,0.9474
1154I - RTD TEA CARTON,1154 - RTD TEA,CHILLER,1.21,,,12.0,,,2.0,,,108812.0,,,217624.0,,,12.0,,
1154J - RTD TEA PET >=1000ML,1154 - RTD TEA,CHILLER,1.17,1.06,-0.094,144.0,68.67,-0.5231,1.19,1.13,-0.0504,17823.0,14789.0,-0.1702,21209.0,16712.0,-0.212,242.0,183.0,-0.2438
1154K - RTD MILK TEA PET,1154 - RTD TEA,CHILLER,1.79,2.06,0.1508,297.0,131.33,-0.5578,1.26,1.22,-0.0317,15563.0,18542.0,0.1914,19609.0,22621.0,0.1536,470.0,322.0,-0.3149
1154L - RTD TEA LESS SUGAR,1154 - RTD TEA,CHILLER,2.0,1.41,-0.295,272.0,106.33,-0.6091,1.3,1.17,-0.1,8244.0,6786.0,-0.1769,10717.0,7940.0,-0.2591,418.0,272.0,-0.3493
1156A - RTD COFFEE TETRAPACK,1156 - RTD COFFEE,CHILLER,1.35,1.53,0.1333,178.0,64.67,-0.6367,1.26,1.35,0.0714,10053.0,11051.0,0.0993,12667.0,14919.0,0.1778,282.0,144.0,-0.4894
"1156B - RTD COFFEE CAN, BOTTLE, PET",1156 - RTD COFFEE,CHILLER,1.57,1.68,0.0701,1657.0,1262.67,-0.238,1.43,1.52,0.0629,11086.0,12031.0,0.0852,15853.0,18287.0,0.1535,2313.0,2493.0,0.0778
1231C - TRADITIONAL DRINK TETRAPACK,1231 - TRADITIONAL DRINK,CHILLER,1.57,1.42,-0.0955,3.5,4.0,0.1429,1.0,1.0,0.0,15286.0,14942.0,-0.0225,15286.0,14942.0,-0.0225,7.0,12.0,0.7143
2022A - SPECIALTY LIQUID MILK,2022 - SPECIALTY LIQUID MILK,CHILLER,2.44,1.87,-0.2336,93.0,82.33,-0.1147,1.19,1.25,0.0504,23517.0,20232.0,-0.1397,27985.0,25290.0,-0.0963,156.0,198.0,0.2692
2023A - TETRAPAK LIQUID MILK 100-130ML,2023 - TETRAPACK LIQUID MILK,CHILLER,2.89,2.63,-0.09,1806.0,1026.0,-0.4319,1.62,1.63,0.0062,12069.0,10163.0,-0.1579,19552.0,16566.0,-0.1527,2229.0,1887.0,-0.1534
2023B - TETRAPAK LIQUID MILK 160-200ML,2023 - TETRAPACK LIQUID MILK,CHILLER,1.73,1.55,-0.104,1282.5,761.67,-0.4061,1.35,1.36,0.0074,11511.0,9978.0,-0.1332,15540.0,13570.0,-0.1268,1901.0,1681.0,-0.1157
2023C - TETRAPAK LIQUID MILK 220-250ML,2023 - TETRAPACK LIQUID MILK,CHILLER,1.77,1.46,-0.1751,2244.0,1179.67,-0.4743,1.39,1.42,0.0216,13240.0,11063.0,-0.1644,18404.0,15709.0,-0.1464,3240.0,2490.0,-0.2315
2023F - TETRAPAK LIQUID MILK CARTON,2023 - TETRAPACK LIQUID MILK,CHILLER,1.2,,,363.5,,,1.5,,,149775.0,,,224662.0,,,485.0,,
2024A - CAN LIQUID MILK,2024 - BOTTLE - CAN LIQUID MILK,CHILLER,2.6,2.32,-0.1077,1300.0,702.0,-0.46,1.36,1.41,0.0368,29157.0,25240.0,-0.1343,39654.0,35588.0,-0.1025,1908.0,1497.0,-0.2154
2024C - BOTTLE LIQUID MILK 160-310ML,2024 - BOTTLE - CAN LIQUID MILK,CHILLER,1.54,2.11,0.3701,557.5,553.33,-0.0075,1.27,1.31,0.0315,10308.0,12665.0,0.2287,13091.0,16591.0,0.2674,875.0,1271.0,0.4526
2025A - PLANT BASED MILK 190-350ML,2025 - PLANT BASED LIQUID MILK,CHILLER,1.67,1.46,-0.1257,667.0,314.33,-0.5287,1.34,1.38,0.0299,15185.0,13162.0,-0.1332,20348.0,18164.0,-0.1073,996.0,683.0,-0.3143
2025B - PLANT BASED MILK 1L,2025 - PLANT BASED LIQUID MILK,CHILLER,1.17,1.08,-0.0769,11.5,19.67,0.7104,1.15,1.34,0.1652,43522.0,33912.0,-0.2208,50050.0,45442.0,-0.0921,20.0,44.0,1.2
6211B - FRESH MILK TETRAPACK 125-200ML,6211 - FRESH MILK,CHILLER,1.36,1.37,0.0074,22.5,17.33,-0.2298,1.07,1.13,0.0561,16944.0,17067.0,0.0073,18130.0,19286.0,0.0638,42.0,46.0,0.0952
6211C - FRESH MILK TETRAPACK 1L,6211 - FRESH MILK,CHILLER,1.15,1.05,-0.087,20.0,6.67,-0.6665,1.38,1.43,0.0362,39200.0,36750.0,-0.0625,54096.0,52552.0,-0.0285,29.0,14.0,-0.5172
6212A - YOGHURT PACK,6212 - YOGHURT,CHILLER,1.33,1.28,-0.0376,877.0,268.33,-0.694,1.4,1.3,-0.0714,14340.0,14569.0,0.016,20076.0,18940.0,-0.0566,1252.0,618.0,-0.5064
6212B - YOGHURT LIQUID 70-80G,6212 - YOGHURT,CHILLER,3.43,2.54,-0.2595,731.5,379.67,-0.481,1.41,1.38,-0.0213,11707.0,8240.0,-0.2961,16507.0,11371.0,-0.3111,1036.0,828.0,-0.2008
6212C - YOGHURT LIQUID 100-330ML,6212 - YOGHURT,CHILLER,1.56,1.42,-0.0897,1123.0,695.67,-0.3805,1.29,1.38,0.0698,14715.0,13298.0,-0.0963,18982.0,18351.0,-0.0332,1741.0,1513.0,-0.131
6218A - PUDDING CUP 85-150ML,6218 - PUDDING,CHILLER,1.56,1.44,-0.0769,29.5,18.0,-0.3898,1.16,1.17,0.0086,10495.0,8624.0,-0.1783,12174.0,10090.0,-0.1712,51.0,46.0,-0.098
6218C - SOFT PUDDING,6218 - PUDDING,CHILLER,1.56,1.38,-0.1154,117.5,141.0,0.2,1.19,1.25,0.0504,11871.0,10337.0,-0.1292,14126.0,12921.0,-0.0853,198.0,339.0,0.7121
6226A - CHILLED MEAT BALLS,6226 - CHILLED MEAT BALLS,CHILLER,1.55,1.35,-0.129,523.0,315.0,-0.3977,1.27,1.26,-0.0079,13742.0,12302.0,-0.1048,17452.0,15501.0,-0.1118,821.0,749.0,-0.0877
6227A - CHILLED SAUSAGES,6227 - CHILLED SAUSAGES,CHILLER,1.8,1.75,-0.0278,2148.5,1347.67,-0.3727,1.37,1.46,0.0657,16239.0,15650.0,-0.0363,22247.0,22849.0,0.0271,3147.0,2768.0,-0.1204
6234A - FROZEN SEAFOOD,6234 - FROZEN SEAFOOD,CHILLER,1.09,1.11,0.0183,17.5,9.0,-0.4857,1.03,1.04,0.0097,29777.0,30411.0,0.0213,30670.0,31627.0,0.0312,34.0,26.0,-0.2353
6521G - LOKAL FRUIT BANANA,6521 - LOCAL FRUIT,CHILLER,1.53,2.2,0.4379,8.5,3.33,-0.6082,1.13,1.11,-0.0177,9176.0,13200.0,0.4385,10369.0,14652.0,0.4131,15.0,9.0,-0.4
6524A - SEASONAL FRUIT,6524 - SEASONAL FRUIT,CHILLER,1.19,1.0,-0.1597,8.0,10.67,0.3338,1.07,1.07,0.0,32444.0,31619.0,-0.0254,34715.0,33832.0,-0.0254,15.0,30.0,1.0
6223A - READY TO COOK,6223 - READY TO COOK,FREEZER NUGGET,1.0,1.11,0.11,7.0,3.0,-0.5714,1.08,1.0,-0.0741,39700.0,44111.0,0.1111,42876.0,44111.0,0.0288,13.0,9.0,-0.3077
6231A - READY TO COOK BAG 130-300G,6231 - CHICKEN NUGGET,FREEZER NUGGET,1.06,1.09,0.0283,187.5,54.67,-0.7084,1.13,1.09,-0.0354,28495.0,29082.0,0.0206,32199.0,31699.0,-0.0155,331.0,151.0,-0.5438
6231B - READY TO COOK BAG 400-500G,6231 - CHICKEN NUGGET,FREEZER NUGGET,1.11,1.18,0.0631,827.5,289.67,-0.6499,1.24,1.22,-0.0161,58485.0,65292.0,0.1164,72521.0,79656.0,0.0984,1336.0,711.0,-0.4678
6232A - VEGETABLE,6232 - VEGETABLE,FREEZER NUGGET,1.05,1.02,-0.0286,133.0,42.67,-0.6792,1.11,1.17,0.0541,34545.0,31972.0,-0.0745,38345.0,37407.0,-0.0245,239.0,109.0,-0.5439
6711A - BEEF MEAT,6711 - BEEF MEAT,FREEZER NUGGET,1.0,,,0.5,,,1.0,,,37500.0,,,37500.0,,,1.0,,
6721A - BROILER,6721 - BROILER,FREEZER NUGGET,1.0,1.0,0.0,3.5,0.67,-0.8086,1.0,1.0,0.0,61929.0,61500.0,-0.0069,61929.0,61500.0,-0.0069,7.0,2.0,-0.7143
6241A - TAKE HOME 300-410ML,6241 - TAKE HOME ICE CREAM,ICE CREAM,1.11,1.11,0.0,664.0,262.0,-0.6054,1.14,1.15,0.0088,35207.0,35396.0,0.0054,40136.0,40705.0,0.0142,1165.0,686.0,-0.4112
6242A - IMPULSE CONE,6242 - IMPULSE ICE CREAM,ICE CREAM,2.24,1.68,-0.25,1656.5,641.33,-0.6128,1.22,1.18,-0.0328,18853.0,17527.0,-0.0703,23001.0,20682.0,-0.1008,2723.0,1633.0,-0.4003
6242B - IMPULSE STICK,6242 - IMPULSE ICE CREAM,ICE CREAM,2.42,1.93,-0.2025,6400.5,2851.33,-0.5545,1.47,1.43,-0.0272,18136.0,14540.0,-0.1983,26660.0,20792.0,-0.2201,8694.0,5975.0,-0.3127
6242C - IMPULSE CUP,6242 - IMPULSE ICE CREAM,ICE CREAM,2.0,1.65,-0.175,2900.0,1546.0,-0.4669,1.31,1.34,0.0229,12176.0,11338.0,-0.0688,15951.0,15193.0,-0.0475,4434.0,3467.0,-0.2181
3111A - ANALGESIC BOTTLE,3111 - ANALGESIC,MEDICINE & BABY CARE,1.0,1.08,0.08,23.0,20.33,-0.1161,1.1,1.07,-0.0273,26096.0,29767.0,0.1407,28706.0,31851.0,0.1096,42.0,57.0,0.3571
3111B - ANALGESIC STRIP,3111 - ANALGESIC,MEDICINE & BABY CARE,1.72,1.42,-0.1744,147.5,215.0,0.4576,1.27,1.25,-0.0157,10869.0,8220.0,-0.2437,13804.0,10275.0,-0.2557,233.0,516.0,1.2146
3112B - ANALGESIC & COLD REMEDIES STRIP,3112 - ANALGESIC & COLD REMEDIES,MEDICINE & BABY CARE,1.46,1.24,-0.1507,98.5,148.67,0.5093,1.19,1.13,-0.0504,7760.0,7372.0,-0.05,9234.0,8330.0,-0.0979,165.0,393.0,1.3818
3113A - ANTACIDS BOTTLE,3113 - ANTACIDS,MEDICINE & BABY CARE,1.71,1.54,-0.0994,17.0,18.67,0.0982,1.21,1.14,-0.0579,15694.0,15168.0,-0.0335,18990.0,17292.0,-0.0894,28.0,49.0,0.75
3113B - ANTACIDS STRIP,3113 - ANTACIDS,MEDICINE & BABY CARE,1.72,1.5,-0.1279,166.5,80.67,-0.5155,1.16,1.14,-0.0172,9156.0,10209.0,0.115,10621.0,11638.0,0.0958,287.0,213.0,-0.2578
3114B - KIDS COUGH BTL,3114 - KIDS COUGH MEDICINE,MEDICINE & BABY CARE,1.0,1.02,0.02,16.5,16.67,0.0103,1.0,1.19,0.19,21015.0,21632.0,0.0294,21015.0,25742.0,0.2249,33.0,42.0,0.2727
3115A - ADULT COUGH SYRUP 50-90ML,3115 - ADULT COUGH MEDICINE,MEDICINE & BABY CARE,1.12,1.1,-0.0179,200.0,115.0,-0.425,1.12,1.12,0.0,26241.0,27488.0,0.0475,29390.0,30787.0,0.0475,357.0,308.0,-0.1373
3115B - ADULT COUGH SYRUP 100-150ML,3115 - ADULT COUGH MEDICINE,MEDICINE & BABY CARE,1.01,1.06,0.0495,36.5,27.33,-0.2512,1.16,1.08,-0.069,30075.0,31079.0,0.0334,34887.0,33565.0,-0.0379,63.0,76.0,0.2063
3115C - ADULT COUGH STRIP,3115 - ADULT COUGH MEDICINE,MEDICINE & BABY CARE,1.29,1.27,-0.0155,12.0,16.0,0.3333,1.04,1.14,0.0962,4962.0,3858.0,-0.2225,5160.0,4398.0,-0.1477,23.0,42.0,0.8261
3115D - ADULT COUGH SAC,3115 - ADULT COUGH MEDICINE,MEDICINE & BABY CARE,2.39,1.58,-0.3389,71.0,40.67,-0.4272,1.08,1.1,0.0185,8330.0,6362.0,-0.2363,8996.0,6998.0,-0.2221,131.0,111.0,-0.1527
3116A - DIARRHEA,3116 - DIARRHEA & CONSTIPATION,MEDICINE & BABY CARE,1.07,1.02,-0.0467,66.0,20.33,-0.692,1.02,1.05,0.0294,14216.0,13451.0,-0.0538,14500.0,14124.0,-0.0259,130.0,58.0,-0.5538
3116B - CONSTIPATION,3116 - DIARRHEA & CONSTIPATION,MEDICINE & BABY CARE,1.86,1.44,-0.2258,80.5,33.0,-0.5901,1.24,1.16,-0.0645,22183.0,15924.0,-0.2822,27507.0,18472.0,-0.3285,130.0,85.0,-0.3462
3118A - ADULT SUPLEMENT STRONG,3118 - ADULT VITAMINS/SUPLEMENT,MEDICINE & BABY CARE,1.16,1.64,0.4138,15.5,4.67,-0.6987,1.29,1.75,0.3566,10913.0,15236.0,0.3961,14078.0,26663.0,0.8939,24.0,8.0,-0.6667
3118B - ADULT VITAMINS CALCIUM,3118 - ADULT VITAMINS/SUPLEMENT,MEDICINE & BABY CARE,1.15,1.1,-0.0435,77.0,24.0,-0.6883,1.13,1.2,0.0619,45688.0,35960.0,-0.2129,51627.0,43152.0,-0.1642,136.0,60.0,-0.5588
3118C - ADULT VITAMINS SKIN,3118 - ADULT VITAMINS/SUPLEMENT,MEDICINE & BABY CARE,1.04,1.09,0.0481,12.5,3.67,-0.7064,1.19,1.38,0.1597,34948.0,28009.0,-0.1986,41588.0,38652.0,-0.0706,21.0,8.0,-0.619
3118D - ADULT VITAMINS VIT-C,3118 - ADULT VITAMINS/SUPLEMENT,MEDICINE & BABY CARE,1.62,1.6,-0.0123,454.0,183.67,-0.5954,1.19,1.2,0.0084,18598.0,15625.0,-0.1599,22132.0,18750.0,-0.1528,763.0,460.0,-0.3971
3118E - ADULT SUPLEMENT ENERGY,3118 - ADULT VITAMINS/SUPLEMENT,MEDICINE & BABY CARE,1.21,1.15,-0.0496,84.5,53.33,-0.3689,1.18,1.13,-0.0424,20108.0,17629.0,-0.1233,23727.0,19921.0,-0.1604,143.0,141.0,-0.014
3118F - ADULT HEALTHY SUPLEMENT,3118 - ADULT VITAMINS/SUPLEMENT,MEDICINE & BABY CARE,1.07,1.08,0.0093,79.0,53.0,-0.3291,1.08,1.1,0.0185,25039.0,23418.0,-0.0647,27042.0,25760.0,-0.0474,146.0,144.0,-0.0137
3119A - ATHELMINTICS,3119 - ATHELMINTICS,MEDICINE & BABY CARE,1.07,1.15,0.0748,7.5,4.33,-0.4227,1.0,1.0,0.0,24747.0,27200.0,0.0991,24747.0,27200.0,0.0991,15.0,13.0,-0.1333
3121A - MEDICATED PLASTER,3121 - PLESTER,MEDICINE & BABY CARE,1.22,1.1,-0.0984,108.5,54.0,-0.5023,1.08,1.03,-0.0463,15975.0,13410.0,-0.1606,17253.0,13812.0,-0.1994,200.0,157.0,-0.215
3121B - FEVER PLESTER,3121 - PLESTER,MEDICINE & BABY CARE,2.28,2.08,-0.0877,248.0,84.67,-0.6586,1.12,1.08,-0.0357,25481.0,23987.0,-0.0586,28539.0,25906.0,-0.0923,442.0,236.0,-0.4661
3121C - KOYO PLESTER,3121 - PLESTER,MEDICINE & BABY CARE,1.2,1.2,0.0,351.5,151.0,-0.5704,1.08,1.11,0.0278,15167.0,15189.0,0.0015,16380.0,16860.0,0.0293,648.0,408.0,-0.3704
3123A - FIRST AID KIT ANTISEPTIC,3123 - ANTISEPTIC,MEDICINE & BABY CARE,1.35,1.0,-0.2593,24.5,11.33,-0.5376,1.02,1.1,0.0784,37680.0,31179.0,-0.1725,38434.0,34297.0,-0.1076,48.0,31.0,-0.3542
3123C - LOTION ANTISEPTIC,3123 - ANTISEPTIC,MEDICINE & BABY CARE,1.0,1.04,0.04,17.0,8.0,-0.5294,1.13,1.0,-0.115,21659.0,23312.0,0.0763,24475.0,23312.0,-0.0475,30.0,24.0,-0.2
3124A - EYE DROPS,3124 - EYE DROPS,MEDICINE & BABY CARE,1.0,1.0,0.0,14.5,29.67,1.0462,1.07,1.03,-0.0374,18686.0,19711.0,0.0549,19994.0,20302.0,0.0154,27.0,86.0,2.1852
"3125A - SALVE,BALM & CREAM","3125 - SALVE, BALM, CREAM & LIQ MEDICINE",MEDICINE & BABY CARE,1.09,1.08,-0.0092,216.5,110.67,-0.4888,1.06,1.08,0.0189,28301.0,24575.0,-0.1317,29999.0,26541.0,-0.1153,407.0,308.0,-0.2432
3127A - FUNGICIDES,3127 - FUNGICIDES,MEDICINE & BABY CARE,1.05,1.08,0.0286,20.5,16.0,-0.2195,1.0,1.17,0.17,17412.0,19254.0,0.1058,17412.0,22527.0,0.2938,41.0,41.0,0.0
3131A - TRADITIONAL & CHINESE 10-40ML,3131 - TRADITIONAL & CHINESE,MEDICINE & BABY CARE,1.82,1.72,-0.0549,637.0,348.33,-0.4532,1.19,1.21,0.0168,19875.0,17706.0,-0.1091,23651.0,21424.0,-0.0942,1067.0,865.0,-0.1893
3131B - TRADITIONAL & CHINESE 50-120ML,3131 - TRADITIONAL & CHINESE,MEDICINE & BABY CARE,1.1,1.18,0.0727,34.0,9.33,-0.7256,1.08,1.08,0.0,28157.0,31093.0,0.1043,30410.0,33580.0,0.1042,63.0,26.0,-0.5873
3131C - TRADITIONAL & CHINESE KAPLET,3131 - TRADITIONAL & CHINESE,MEDICINE & BABY CARE,2.16,1.5,-0.3056,21.5,9.33,-0.566,1.1,1.12,0.0182,11674.0,7696.0,-0.3408,12841.0,8620.0,-0.3287,39.0,25.0,-0.359
3131D - TRADITIONAL & CHINESE MASSAGE,3131 - TRADITIONAL & CHINESE,MEDICINE & BABY CARE,1.03,1.02,-0.0097,29.0,20.0,-0.3103,1.02,1.15,0.1275,22234.0,21328.0,-0.0407,22679.0,24527.0,0.0815,57.0,52.0,-0.0877
3131E - TRADITIONAL & CHINESE MINYAK ANGIN,3131 - TRADITIONAL & CHINESE,MEDICINE & BABY CARE,1.11,1.11,0.0,435.5,202.67,-0.5346,1.11,1.08,-0.027,20236.0,20199.0,-0.0018,22462.0,21815.0,-0.0288,784.0,565.0,-0.2793
3132A - TELON OIL 30-90ML,3132 - TELON OIL,MEDICINE & BABY CARE,1.1,1.02,-0.0727,449.0,221.67,-0.5063,1.14,1.13,-0.0088,23347.0,22663.0,-0.0293,26616.0,25609.0,-0.0378,790.0,591.0,-0.2519
3132B - TELON OIL 100-150ML,3132 - TELON OIL,MEDICINE & BABY CARE,1.08,1.05,-0.0278,274.0,89.0,-0.6752,1.14,1.12,-0.0175,42733.0,42145.0,-0.0138,48716.0,47202.0,-0.0311,479.0,238.0,-0.5031
3133B - CAJUPUTI OIL 10-60ML,3133 - CAJUPUTI OIL,MEDICINE & BABY CARE,1.11,1.26,0.1351,431.5,161.33,-0.6261,1.16,1.12,-0.0345,21762.0,26473.0,0.2165,25244.0,29650.0,0.1745,743.0,434.0,-0.4159
3133C - CAJUPUTI OIL 100-150ML,3133 - CAJUPUTI OIL,MEDICINE & BABY CARE,1.2,1.13,-0.0583,51.0,18.0,-0.6471,1.13,1.02,-0.0973,69043.0,63733.0,-0.0769,78019.0,65008.0,-0.1668,90.0,53.0,-0.4111
3141A - HONEY BOTTLE 100-400ML,3141 - HONEY,MEDICINE & BABY CARE,1.04,1.04,0.0,124.5,55.33,-0.5556,1.06,1.09,0.0283,31320.0,36367.0,0.1611,33199.0,39640.0,0.194,236.0,152.0,-0.3559
3141B - HONEY BOTTLE 650ML,3141 - HONEY,MEDICINE & BABY CARE,1.0,1.0,0.0,5.0,2.33,-0.534,1.0,1.0,0.0,82800.0,77900.0,-0.0592,82800.0,77900.0,-0.0592,10.0,7.0,-0.3
3141C - HONEY BOX,3141 - HONEY,MEDICINE & BABY CARE,1.04,1.03,-0.0096,25.0,10.67,-0.5732,1.19,1.07,-0.1008,13390.0,13484.0,0.007,15934.0,14428.0,-0.0945,42.0,30.0,-0.2857
3258B - TALCUM POWDER 60-100G,3258 - TALCUM POWDER,MEDICINE & BABY CARE,1.04,1.04,0.0,25.5,8.33,-0.6733,1.04,1.04,0.0,22641.0,23544.0,0.0399,23547.0,24486.0,0.0399,49.0,24.0,-0.5102
3313A - WET TISSUE,3313 - WET TISSUE,MEDICINE & BABY CARE,1.26,1.19,-0.0556,1571.5,590.67,-0.6241,1.35,1.26,-0.0667,18972.0,16978.0,-0.1051,25612.0,21392.0,-0.1648,2322.0,1402.0,-0.3962
3333A - BABY COTTON REF,3333 - BABY COTTON,MEDICINE & BABY CARE,1.17,1.15,-0.0171,340.5,177.67,-0.4782,1.06,1.09,0.0283,7555.0,7260.0,-0.039,8008.0,7913.0,-0.0119,645.0,488.0,-0.2434
3333B - BABY COTTON BUD POT,3333 - BABY COTTON,MEDICINE & BABY CARE,1.0,1.04,0.04,54.5,27.67,-0.4923,1.0,1.01,0.01,10232.0,10480.0,0.0242,10232.0,10585.0,0.0345,109.0,82.0,-0.2477
3334A - REGULER COTTON BUD REF,3334 - REGULER COTTON BUD,MEDICINE & BABY CARE,1.12,1.15,0.0268,307.0,174.33,-0.4321,1.06,1.07,0.0094,7242.0,7375.0,0.0184,7677.0,7891.0,0.0279,581.0,487.0,-0.1618
3334B - REGULER COTTON BUD POT,3334 - REGULER COTTON BUD,MEDICINE & BABY CARE,1.02,1.04,0.0196,66.5,46.0,-0.3083,1.0,1.02,0.02,13950.0,14243.0,0.021,13950.0,14528.0,0.0414,133.0,135.0,0.015
3411A - BABY SHAMPOO 50-100ML,3411 - BABY SHAMPOO,MEDICINE & BABY CARE,1.07,1.07,0.0,65.0,41.33,-0.3642,1.1,1.13,0.0273,16925.0,17304.0,0.0224,18618.0,19554.0,0.0503,118.0,110.0,-0.0678
3411B - BABY SHAMPOO 125-200ML,3411 - BABY SHAMPOO,MEDICINE & BABY CARE,1.0,,,0.5,,,1.0,,,22900.0,,,22900.0,,,1.0,,
3411C - BABY SHAMPOO 250-750ML,3411 - BABY SHAMPOO,MEDICINE & BABY CARE,1.67,,,1.5,,,1.0,,,49133.0,,,49133.0,,,3.0,,
3412A - BABY BAR SOAP,3412 - BABY BAR SOAP,MEDICINE & BABY CARE,1.39,1.55,0.1151,113.0,57.67,-0.4896,1.14,1.14,0.0,7549.0,7987.0,0.058,8606.0,9105.0,0.058,198.0,152.0,-0.2323
3413A - BABY COLOGNE 100-150ML,3413 - BABY COLOGNE,MEDICINE & BABY CARE,1.15,1.03,-0.1043,91.0,38.33,-0.5788,1.12,1.12,0.0,32031.0,29391.0,-0.0824,35875.0,32918.0,-0.0824,163.0,103.0,-0.3681
3414A - BABY TALCUM POWDER 75-200G,3414 - BABY TALCUM POWDER,MEDICINE & BABY CARE,1.1,1.04,-0.0545,145.5,79.0,-0.457,1.1,1.08,-0.0182,11979.0,10903.0,-0.0898,13177.0,11775.0,-0.1064,264.0,220.0,-0.1667
3414B - BABY TALCUM POWDER 300-350G,3414 - BABY TALCUM POWDER,MEDICINE & BABY CARE,1.24,1.02,-0.1774,50.5,19.0,-0.6238,1.05,1.04,-0.0095,21718.0,18568.0,-0.145,22804.0,19311.0,-0.1532,96.0,55.0,-0.4271
3415A - BABY LOTION,"3415 - BABY LOTION, OIL & CREAM",MEDICINE & BABY CARE,1.15,1.0,-0.1304,36.0,13.33,-0.6297,1.03,1.03,0.0,37039.0,21460.0,-0.4206,38150.0,22104.0,-0.4206,70.0,39.0,-0.4429
3415B - BABY OIL,"3415 - BABY LOTION, OIL & CREAM",MEDICINE & BABY CARE,1.05,1.0,-0.0476,61.5,38.67,-0.3712,1.02,1.03,0.0098,16643.0,17716.0,0.0645,16976.0,18247.0,0.0749,121.0,113.0,-0.0661
3415C - BABY CREAM,"3415 - BABY LOTION, OIL & CREAM",MEDICINE & BABY CARE,1.17,1.04,-0.1111,142.0,62.67,-0.5587,1.11,1.07,-0.036,27883.0,20190.0,-0.2759,30950.0,21603.0,-0.302,255.0,176.0,-0.3098
3415D - BABY HAIR LOTION,"3415 - BABY LOTION, OIL & CREAM",MEDICINE & BABY CARE,1.06,1.03,-0.0283,127.5,58.33,-0.5425,1.1,1.11,0.0091,28257.0,27222.0,-0.0366,31083.0,30216.0,-0.0279,232.0,158.0,-0.319
3416A - BABY LIQUID SOAP 100-300ML,3416 - BABY LIQUID SOAP,MEDICINE & BABY CARE,1.14,1.04,-0.0877,245.0,103.33,-0.5782,1.11,1.09,-0.018,33791.0,30815.0,-0.0881,37508.0,33588.0,-0.1045,440.0,284.0,-0.3545
3416B - BABY LIQUID SOAP 400-600ML,3416 - BABY LIQUID SOAP,MEDICINE & BABY CARE,1.16,1.08,-0.069,416.0,176.33,-0.5761,1.2,1.21,0.0083,35906.0,33695.0,-0.0616,43087.0,40771.0,-0.0538,692.0,439.0,-0.3656
3417A - BABY LIQUID DET,3417 - BABY LIQUID DET & SOFTENER,MEDICINE & BABY CARE,1.14,1.0,-0.1228,28.5,4.67,-0.8361,1.1,1.0,-0.0909,32311.0,28214.0,-0.1268,35542.0,28214.0,-0.2062,52.0,14.0,-0.7308
3417B - BABY FABRIC SOFTENER,3417 - BABY LIQUID DET & SOFTENER,MEDICINE & BABY CARE,2.94,1.11,-0.6224,9.0,3.0,-0.6667,1.2,1.0,-0.1667,75083.0,31000.0,-0.5871,90100.0,31000.0,-0.6559,15.0,9.0,-0.4
3421B - KIDS SHAMPOO 125-200ML,3421 - KIDS SHAMPOO,MEDICINE & BABY CARE,1.15,1.09,-0.0522,196.0,82.0,-0.5816,1.14,1.09,-0.0439,19251.0,18554.0,-0.0362,21946.0,20224.0,-0.0785,345.0,225.0,-0.3478
3421C - KIDS SHAMPOO 250-750ML,3421 - KIDS SHAMPOO,MEDICINE & BABY CARE,1.0,,,0.5,,,1.0,,,22900.0,,,22900.0,,,1.0,,
3422A - KIDS COLOGNE,3422 - KIDS COLOGNE,MEDICINE & BABY CARE,1.13,1.08,-0.0442,170.5,99.0,-0.4194,1.16,1.11,-0.0431,19898.0,18958.0,-0.0472,23082.0,21043.0,-0.0883,293.0,267.0,-0.0887
3423A - KIDS LIQUID SOAP,3423 - KIDS LIQUID SOAP,MEDICINE & BABY CARE,1.16,1.09,-0.0603,237.5,69.67,-0.7067,1.16,1.11,-0.0431,26008.0,23130.0,-0.1107,30169.0,25674.0,-0.149,409.0,188.0,-0.5403
3424A - TOOTH PASTE KIDS 45-60G,3424 - TOOTH PASTE KIDS,MEDICINE & BABY CARE,1.24,1.22,-0.0161,482.0,213.67,-0.5567,1.14,1.14,0.0,11918.0,11267.0,-0.0546,13587.0,12844.0,-0.0547,843.0,561.0,-0.3345
3425A - TOOTH BRUSH KIDS,3425 - TOOTH BRUSH KIDS,MEDICINE & BABY CARE,1.22,1.2,-0.0164,335.5,177.33,-0.4714,1.06,1.06,0.0,15572.0,15312.0,-0.0167,16506.0,16231.0,-0.0167,632.0,502.0,-0.2057
3426A - KIDS HAIR VITAMIN,3426 - KIDS HAIR VITAMIN,MEDICINE & BABY CARE,1.0,1.0,0.0,12.0,7.0,-0.4167,1.0,1.05,0.05,15567.0,15514.0,-0.0034,15567.0,16290.0,0.0464,24.0,20.0,-0.1667
3441A - MOTHER CARE,3441 - MOTHER CARE,MEDICINE & BABY CARE,,1.0,,,0.33,,,1.0,,,64900.0,,,64900.0,,,1.0,
"3443A - NURSING,BOTTLE,PACIFIER DOT","3443 - NURSING, BOTTLE & PACIFIER",MEDICINE & BABY CARE,1.08,1.07,-0.0093,32.0,20.33,-0.3647,1.07,1.11,0.0374,42603.0,49941.0,0.1722,45585.0,55435.0,0.2161,60.0,55.0,-0.0833
"3443B - NURSING,BOTTLE,PACIFIER BTL","3443 - NURSING, BOTTLE & PACIFIER",MEDICINE & BABY CARE,1.06,1.06,0.0,33.0,23.33,-0.293,1.05,1.06,0.0095,51750.0,49473.0,-0.044,54338.0,52441.0,-0.0349,63.0,66.0,0.0476
3444A - BABY EQUIPMENT,3444 - BABY EQUIPMENT,MEDICINE & BABY CARE,4.71,1.0,-0.7877,19.0,3.67,-0.8068,1.41,1.0,-0.2908,154629.0,40591.0,-0.7375,218027.0,40591.0,-0.8138,27.0,11.0,-0.5926
3446A - BABY LIQUID CLEANSER,3446 - BABY LIQUID CLEANSER,MEDICINE & BABY CARE,1.16,1.07,-0.0776,211.0,68.0,-0.6777,1.22,1.15,-0.0574,25764.0,23513.0,-0.0874,31432.0,27040.0,-0.1397,345.0,177.0,-0.487
2321A - POCKET CANDY,2321 - POCKET CANDY,MEJA KASIR,1.35,1.5,0.1111,1592.0,949.33,-0.4037,1.21,1.21,0.0,7898.0,8523.0,0.0791,9557.0,10313.0,0.0791,2637.0,2346.0,-0.1104
2321B - POCKET CANDY TOY,2321 - POCKET CANDY,MEJA KASIR,1.09,1.05,-0.0367,34.5,33.0,-0.0435,1.03,1.01,-0.0194,36703.0,33719.0,-0.0813,37804.0,34056.0,-0.0991,67.0,98.0,0.4627
2321C - POCKET CANDY FRESHING THROAT,2321 - POCKET CANDY,MEJA KASIR,1.31,1.27,-0.0305,772.0,539.33,-0.3014,1.16,1.19,0.0259,18347.0,18299.0,-0.0026,21283.0,21776.0,0.0232,1334.0,1358.0,0.018
2321D - LOLLIPOP CANDY,2321 - POCKET CANDY,MEJA KASIR,1.3,1.51,0.1615,1108.0,494.0,-0.5542,1.21,1.22,0.0083,4205.0,5573.0,0.3253,5088.0,6799.0,0.3363,1826.0,1217.0,-0.3335
2321E - POCKET CANDY GUMMY,2321 - POCKET CANDY,MEJA KASIR,1.44,1.38,-0.0417,2026.0,1444.67,-0.2869,1.35,1.4,0.037,8648.0,8474.0,-0.0201,11675.0,11864.0,0.0162,3012.0,3101.0,0.0295
2332A - BLOCK CHOCOLATE 10-29G,2332 - BLOCK CHOCOLATE,MEJA KASIR,1.38,1.25,-0.0942,619.5,314.33,-0.4926,1.15,1.16,0.0087,13940.0,12987.0,-0.0684,16031.0,15065.0,-0.0603,1076.0,815.0,-0.2426
2332B - BLOCK CHOCOLATE 30-49G,2332 - BLOCK CHOCOLATE,MEJA KASIR,1.32,1.06,-0.197,195.0,31.67,-0.8376,1.2,1.06,-0.1167,16184.0,15515.0,-0.0413,19421.0,16446.0,-0.1532,324.0,90.0,-0.7222
2332C - BLOCK CHOCOLATE 50-99G,2332 - BLOCK CHOCOLATE,MEJA KASIR,1.55,1.59,0.0258,2657.0,1550.67,-0.4164,1.24,1.28,0.0323,31251.0,30905.0,-0.0111,38751.0,39558.0,0.0208,4275.0,3645.0,-0.1474
2332D - BLOCK CHOCOLATE >100G,2332 - BLOCK CHOCOLATE,MEJA KASIR,1.0,,,3.5,,,1.4,,,89329.0,,,125061.0,,,5.0,,
2332E - BLOCK CHOCOLATE PACK,2332 - BLOCK CHOCOLATE,MEJA KASIR,1.0,1.0,0.0,5.0,0.33,-0.934,1.0,1.0,0.0,31360.0,22100.0,-0.2953,31360.0,22100.0,-0.2953,10.0,1.0,-0.9
2341A - POCKET CHEWING GUM 10-40G,2341 - POCKET CHEWING GUM,MEJA KASIR,1.07,1.07,0.0,187.5,130.0,-0.3067,1.07,1.17,0.0935,7253.0,7390.0,0.0189,7761.0,8646.0,0.114,352.0,333.0,-0.054
2341C - POCKET CHEWING GUM STICK,2341 - POCKET CHEWING GUM,MEJA KASIR,1.55,1.47,-0.0516,271.0,167.67,-0.3813,1.1,1.13,0.0273,6187.0,5868.0,-0.0516,6806.0,6631.0,-0.0257,494.0,446.0,-0.0972
2342A - BOTTLE CHEWING GUM,2342 - BOTTLE CHEWING GUM,MEJA KASIR,1.06,1.09,0.0283,191.0,148.33,-0.2234,1.1,1.13,0.0273,14167.0,13882.0,-0.0201,15584.0,15687.0,0.0066,346.0,394.0,0.1387
2343A - BAG CHEWING GUM 50-130G,2343 - BAG CHEWING GUM,MEJA KASIR,1.01,1.1,0.0891,34.5,36.0,0.0435,1.23,1.15,-0.065,15439.0,16402.0,0.0624,18990.0,18862.0,-0.0067,56.0,94.0,0.6786
3117A - KIDS VITAMINS BOTTLE,3117 - KIDS VITAMINS,MEJA KASIR,1.03,1.1,0.068,90.5,47.0,-0.4807,1.09,1.13,0.0367,32172.0,32729.0,0.0173,35067.0,36984.0,0.0547,166.0,125.0,-0.247
3117B - KIDS VITAMINS TABLET,3117 - KIDS VITAMINS,MEJA KASIR,1.16,1.16,0.0,186.5,34.67,-0.8141,1.22,1.18,-0.0328,32488.0,30846.0,-0.0505,39635.0,36398.0,-0.0817,305.0,88.0,-0.7115
3117C - KIDS VITAMINS GUMMY,3117 - KIDS VITAMINS,MEJA KASIR,1.25,1.15,-0.08,163.5,52.0,-0.682,1.22,1.16,-0.0492,26200.0,19788.0,-0.2447,31964.0,22954.0,-0.2819,267.0,135.0,-0.4944
3122A - PREGNANT TEST,3122 - PREGNANT TEST & CONTRACEPTION,MEJA KASIR,1.3,1.23,-0.0538,146.0,32.67,-0.7762,1.17,1.09,-0.0684,17296.0,18146.0,0.0491,20236.0,19779.0,-0.0226,249.0,90.0,-0.6386
3122B - CONDOM,3122 - PREGNANT TEST & CONTRACEPTION,MEJA KASIR,1.16,1.09,-0.0603,487.0,182.67,-0.6249,1.22,1.2,-0.0164,28235.0,26049.0,-0.0774,34447.0,31259.0,-0.0925,798.0,456.0,-0.4286
3122C - INTIMATE ENHANCEMENT,3122 - PREGNANT TEST & CONTRACEPTION,MEJA KASIR,1.04,1.09,0.0481,149.0,57.67,-0.613,1.08,1.05,-0.0278,30069.0,29860.0,-0.007,32475.0,31353.0,-0.0345,277.0,164.0,-0.4079
4111A - ALKALINE / LITHIUM,4111 - ALKALINE,MEJA KASIR,1.15,1.16,0.0087,349.0,222.67,-0.362,1.06,1.05,-0.0094,40438.0,38686.0,-0.0433,42864.0,40620.0,-0.0524,658.0,634.0,-0.0365
4112A - ZINC CARBON BULAT,4112 - ZINC CARBON,MEJA KASIR,1.16,1.12,-0.0345,638.0,332.67,-0.4786,1.05,1.06,0.0095,20764.0,20402.0,-0.0174,21802.0,21626.0,-0.0081,1215.0,943.0,-0.2239
4112B - ZINC CARBON KOTAK,4112 - ZINC CARBON,MEJA KASIR,1.25,1.24,-0.008,10.0,7.0,-0.3,1.0,1.0,0.0,25735.0,25833.0,0.0038,25735.0,25833.0,0.0038,20.0,21.0,0.05
4633A - LEISURE BAG,4633 - LEISURE BAG,MEJA KASIR,1.04,1.04,0.0,2384.5,2255.0,-0.0543,1.31,1.43,0.0916,3951.0,3912.0,-0.0099,5176.0,5594.0,0.0808,3629.0,4717.0,0.2998
1911A - INSTANT FRIED NOODLE 65-100G,1911 - INSTANT NOODLE BAG,NOODLE,3.23,2.66,-0.1765,1594.0,470.67,-0.7047,1.44,1.33,-0.0764,10752.0,8730.0,-0.1881,15483.0,11611.0,-0.2501,2209.0,1062.0,-0.5192
1911B - INSTANT BOILED NOODLE 50-99G,1911 - INSTANT NOODLE BAG,NOODLE,3.67,2.78,-0.2425,1397.5,447.0,-0.6801,1.4,1.34,-0.0429,11831.0,8979.0,-0.2411,16563.0,12032.0,-0.2736,1998.0,1001.0,-0.499
1911D - PREMIUM INSTANT BOILED NOODLE,1911 - INSTANT NOODLE BAG,NOODLE,1.51,1.55,0.0265,213.5,88.0,-0.5878,1.21,1.18,-0.0248,12726.0,13027.0,0.0237,15398.0,15372.0,-0.0017,353.0,224.0,-0.3654
1911E - INSTANT NOODLE BANDED,1911 - INSTANT NOODLE BAG,NOODLE,1.31,1.82,0.3893,369.0,435.33,0.1798,1.31,1.48,0.1298,20956.0,28449.0,0.3576,27452.0,42105.0,0.5338,563.0,882.0,0.5666
1911F - INSTANT FRIED NOODLE >100G,1911 - INSTANT NOODLE BAG,NOODLE,2.69,1.91,-0.29,454.5,147.67,-0.6751,1.29,1.22,-0.0543,11585.0,8309.0,-0.2828,14945.0,10137.0,-0.3217,707.0,362.0,-0.488
1911G - PREMIUM INSTANT FRIED NOODLE,1911 - INSTANT NOODLE BAG,NOODLE,1.43,1.41,-0.014,259.0,139.33,-0.462,1.19,1.23,0.0336,17697.0,16546.0,-0.065,21059.0,20352.0,-0.0336,434.0,339.0,-0.2189
1912A - INSTANT FRIED NOODLE CUP,1912 - INSTANT NOODLE CUP,NOODLE,1.63,1.45,-0.1104,152.5,63.67,-0.5825,1.2,1.18,-0.0167,10104.0,8240.0,-0.1845,12125.0,9723.0,-0.1981,254.0,162.0,-0.3622
1912B - INSTANT BOILED NOODLE CUP 35-75G,1912 - INSTANT NOODLE CUP,NOODLE,2.0,1.68,-0.16,342.5,123.33,-0.6399,1.25,1.19,-0.048,11910.0,9526.0,-0.2002,14888.0,11336.0,-0.2386,550.0,310.0,-0.4364
1912C - INSTANT BOILED NOODLE CUP 77-100G,1912 - INSTANT NOODLE CUP,NOODLE,1.56,1.49,-0.0449,86.0,85.67,-0.0038,1.14,1.18,0.0351,8610.0,8356.0,-0.0295,9815.0,9860.0,0.0046,151.0,218.0,0.4437
1912D - PREMIUM INSTANT NOODLE CUP,1912 - INSTANT NOODLE CUP,NOODLE,1.29,1.21,-0.062,20.5,9.67,-0.5283,1.14,1.0,-0.1228,18678.0,12452.0,-0.3333,21293.0,12452.0,-0.4152,36.0,29.0,-0.1944
1913A - INSTANT RICE NOODLE,1913 - INSTANT RICE NOODLE,NOODLE,2.33,2.96,0.2704,131.5,61.0,-0.5361,1.31,1.2,-0.084,9913.0,11392.0,0.1492,12986.0,13670.0,0.0527,201.0,153.0,-0.2388
1914A - EGG NOODLE,1914 - PREPARED NOODLE,NOODLE,1.52,1.48,-0.0263,61.0,14.0,-0.7705,1.13,1.2,0.0619,9271.0,8819.0,-0.0488,10476.0,10583.0,0.0102,108.0,35.0,-0.6759
1914B - RICE NOODLE,1914 - PREPARED NOODLE,NOODLE,1.12,1.33,0.1875,17.0,4.0,-0.7647,1.13,1.09,-0.0354,13294.0,15600.0,0.1735,15022.0,17004.0,0.1319,30.0,11.0,-0.6333
1923A - INSTANT PORRIDGE,1923 - INSTANT PORRIDGE,NOODLE,2.77,2.0,-0.278,58.0,28.0,-0.5172,1.1,1.15,0.0455,12840.0,8888.0,-0.3078,14124.0,10221.0,-0.2763,105.0,73.0,-0.3048
4314A - STICKER & ALBUM,4314 - STICKER & ALBUM,STICKER,1.18,1.12,-0.0508,22.0,37.67,0.7123,1.0,1.19,0.19,17820.0,17855.0,0.002,17820.0,21247.0,0.1923,44.0,95.0,1.1591
3311A - FACIAL TISSUE PACK 200-500S,3311 - FACIAL TISSUE,TISSUE,1.13,1.11,-0.0177,1730.5,578.0,-0.666,1.21,1.13,-0.0661,20168.0,19350.0,-0.0406,24403.0,21865.0,-0.104,2857.0,1540.0,-0.461
3311B - FACIAL TISSUE PACK >500S,3311 - FACIAL TISSUE,TISSUE,1.21,1.1,-0.0909,1954.5,464.33,-0.7624,1.25,1.18,-0.056,35841.0,29916.0,-0.1653,44801.0,35301.0,-0.212,3139.0,1181.0,-0.6238
3311D - FACIAL TISSUE TRAVEL,3311 - FACIAL TISSUE,TISSUE,1.38,1.38,0.0,869.0,507.33,-0.4162,1.09,1.1,0.0092,8604.0,9236.0,0.0735,9378.0,10160.0,0.0834,1589.0,1387.0,-0.1271
3312A - TOILET TISSUE,3312 - HOUSE HOLD TISSUE,TISSUE,1.43,1.07,-0.2517,106.0,23.0,-0.783,1.35,1.41,0.0444,41422.0,20226.0,-0.5117,55920.0,28519.0,-0.49,157.0,49.0,-0.6879
3312B - NAPKIN,3312 - HOUSE HOLD TISSUE,TISSUE,1.06,1.12,0.0566,63.5,23.0,-0.6378,1.1,1.19,0.0818,16542.0,17648.0,0.0669,18196.0,21001.0,0.1542,115.0,58.0,-0.4957
3312C - TOWEL TISSUE,3312 - HOUSE HOLD TISSUE,TISSUE,1.07,1.13,0.0561,146.0,23.0,-0.8425,1.16,1.17,0.0086,24032.0,21478.0,-0.1063,27877.0,25129.0,-0.0986,252.0,59.0,-0.7659
3313B - ANTISEPTIC WET TISSUE,3313 - WET TISSUE,TISSUE,1.17,1.13,-0.0342,519.0,253.33,-0.5119,1.18,1.1,-0.0678,19482.0,18101.0,-0.0709,22989.0,19911.0,-0.1339,881.0,689.0,-0.2179
3123B - HAND SANITIZER,3123 - ANTISEPTIC,TOOTH CARE,1.11,1.16,0.045,184.0,63.67,-0.654,1.12,1.09,-0.0268,14709.0,15376.0,0.0453,16474.0,16760.0,0.0174,330.0,176.0,-0.4667
3271A - TOOTH BRUSH REG,3271 - TOOTH BRUSH,TOOTH CARE,1.09,1.07,-0.0183,452.0,294.67,-0.3481,1.04,1.09,0.0481,13004.0,13548.0,0.0418,13524.0,14767.0,0.0919,868.0,814.0,-0.0622
3271B - MULTIPACK TOOTH BRUSH,3271 - TOOTH BRUSH,TOOTH CARE,1.08,1.08,0.0,2098.0,1151.33,-0.4512,1.08,1.1,0.0185,18528.0,19674.0,0.0619,20010.0,21641.0,0.0815,3895.0,3127.0,-0.1972
3272A - TOOTH PASTE 60-120G,3272 - TOOTH PASTE,TOOTH CARE,1.11,1.09,-0.018,728.0,397.67,-0.4538,1.09,1.11,0.0183,13960.0,14292.0,0.0238,15216.0,15864.0,0.0426,1337.0,1074.0,-0.1967
3272B - TOOTH PASTE 130-250G,3272 - TOOTH PASTE,TOOTH CARE,1.31,1.39,0.0611,4284.5,2180.67,-0.491,1.18,1.26,0.0678,24024.0,25055.0,0.0429,28348.0,31569.0,0.1136,7279.0,5205.0,-0.2849
3272C - ADVANCE CARE TOOTH PASTE,3272 - TOOTH PASTE,TOOTH CARE,1.17,1.15,-0.0171,1163.5,596.67,-0.4872,1.14,1.2,0.0526,33047.0,30518.0,-0.0765,37674.0,36622.0,-0.0279,2036.0,1487.0,-0.2696
3273A - MOUTHWASH 80-120ML,3273 - MOUTHWASH,TOOTH CARE,1.03,1.04,0.0097,162.5,88.0,-0.4585,1.04,1.06,0.0192,11919.0,11463.0,-0.0383,12396.0,12151.0,-0.0198,313.0,250.0,-0.2013
3273B - MOUTHWASH 130-300ML,3273 - MOUTHWASH,TOOTH CARE,1.1,1.11,0.0091,399.5,221.67,-0.4451,1.14,1.16,0.0175,27501.0,29019.0,0.0552,31351.0,33662.0,0.0737,701.0,573.0,-0.1826
3273C - MOUTHWASH 350-500ML,3273 - MOUTHWASH,TOOTH CARE,1.38,1.06,-0.2319,34.0,11.67,-0.6568,1.28,1.0,-0.2188,64156.0,47729.0,-0.256,82120.0,47729.0,-0.4188,53.0,35.0,-0.3396
3275A - TOOTH CARE PACK,3275 - TOOTH CARE PACK,TOOTH CARE,1.11,1.07,-0.036,280.0,155.33,-0.4452,1.04,1.04,0.0,18973.0,18052.0,-0.0485,19732.0,18774.0,-0.0486,536.0,447.0,-0.166
4313A - GAMES & ACCESSORIES,4313 - GAMES & ACCESSORIES,TOY'S,1.47,1.35,-0.0816,15.0,6.67,-0.5553,1.0,1.0,0.0,17753.0,14715.0,-0.1711,17753.0,14715.0,-0.1711,30.0,20.0,-0.3333
4611A - CARS TOYS,4611 - TOYS,TOY'S,1.26,1.24,-0.0159,146.5,133.33,-0.0899,1.14,1.14,0.0,65687.0,66165.0,0.0073,74883.0,75428.0,0.0073,256.0,352.0,0.375
4611B - BRICKS TOYS,4611 - TOYS,TOY'S,1.34,1.29,-0.0373,37.0,31.67,-0.1441,1.35,1.16,-0.1407,40111.0,39560.0,-0.0137,54150.0,45890.0,-0.1525,55.0,82.0,0.4909
4611C - DOLL/FIGURE TOYS,4611 - TOYS,TOY'S,1.18,1.1,-0.0678,93.0,42.0,-0.5484,1.11,1.08,-0.027,54648.0,49898.0,-0.0869,60659.0,53890.0,-0.1116,167.0,117.0,-0.2994
4611D - ACTIVITY TOYS,4611 - TOYS,TOY'S,1.19,1.17,-0.0168,344.5,268.67,-0.2201,1.2,1.21,0.0083,40685.0,40364.0,-0.0079,48822.0,48840.0,0.0004,576.0,664.0,0.1528
4611F - OTHERS TOYS,4611 - TOYS,TOY'S,1.16,1.18,0.0172,68.5,75.0,0.0949,1.22,1.16,-0.0492,35080.0,53522.0,0.5257,42798.0,62086.0,0.4507,112.0,194.0,0.7321
NAN,NAN,UNKNOWN,,1.38,,,589.67,,,1.16,,,12365.0,,,14343.0,,,1522.0,
5916A - BEAUTY ACCESSORIES IMPORT,5916 - BEAUTY ACCESSORIES IMPORT,WS CARACTER,1.0,,,1.0,,,1.0,,,16400.0,,,16400.0,,,2.0,,
