CATEGORY,SECTION,AVG_QTY_STRUK_MONTH_BEFORE,AVG_QTY_STRUK_MONTH_AFTER,AVG_QTY_STRUK_MONTH_GROWTH,AVG_STRUK_MONTH_BEFORE,AVG_STRUK_MONTH_AFTER,AVG_STRUK_MONTH_GROWTH,PURCHASE_FREQUENCY_BEFORE,PURCHASE_FREQUENCY_AFTER,PURCHASE_FREQUENCY_GROWTH,SPT_BEFORE,SPT_AFTER,SPT_GROWTH,SPB_BEFORE,SPB_AFTER,SPB_GROWTH,BUYER_COUNT_BEFORE,BUYER_COUNT_AFTER,BUYER_COUNT_GROWTH,PENETRATION_BEFORE,PENETRATION_AFTER,PENETRATION_GROWTH
1111 - ENERGY DRINK,CHILLER,1.18,1.27,0.0763,34.0,21.33,-0.3726,1.26,1.16,-0.0794,8794.0,9352.0,0.0635,11080.0,10848.0,-0.0209,54.0,55.0,0.0185,0.0118,0.0109,-0.0763
1112 - CARBONATED DRINK,CHILLER,1.26,1.5,0.1905,598.5,201.33,-0.6636,1.96,1.27,-0.352,11629.0,10837.0,-0.0681,22793.0,13763.0,-0.3962,612.0,474.0,-0.2255,0.1338,0.0939,-0.2982
1113 - MINERAL WATER,CHILLER,2.13,1.69,-0.2066,1096.5,928.33,-0.1534,1.53,1.6,0.0458,8757.0,7268.0,-0.17,13398.0,11629.0,-0.132,1433.0,1744.0,0.217,0.3132,0.3455,0.1031
1114 - ISOTONIC DRINK,CHILLER,1.3,1.2,-0.0769,341.5,232.67,-0.3187,1.31,1.23,-0.0611,12324.0,11290.0,-0.0839,16144.0,13887.0,-0.1398,523.0,567.0,0.0841,0.1143,0.1123,-0.0175
1115 - REMEDIES DRINK,CHILLER,1.4,1.42,0.0143,237.5,192.33,-0.1902,1.24,1.26,0.0161,11244.0,11948.0,0.0626,13943.0,15054.0,0.0797,382.0,459.0,0.2016,0.0835,0.0909,0.0886
1116 - VITAMIN DRINK,CHILLER,1.45,1.62,0.1172,216.5,137.67,-0.3641,1.21,1.19,-0.0165,11258.0,12739.0,0.1316,13622.0,15159.0,0.1128,358.0,347.0,-0.0307,0.0783,0.0687,-0.1226
1117 - YOGHURT BEVERAGE,CHILLER,1.44,1.31,-0.0903,13.5,28.33,1.0985,1.17,1.1,-0.0598,14507.0,9328.0,-0.357,16973.0,10261.0,-0.3955,23.0,77.0,2.3478,0.005,0.0153,2.06
1118 - CARBONATED MALT,CHILLER,1.5,2.23,0.4867,20.0,18.67,-0.0665,1.33,1.12,-0.1579,12308.0,19261.0,0.5649,16370.0,21572.0,0.3178,30.0,50.0,0.6667,0.0066,0.0099,0.5
1121 - DESSERT,CHILLER,1.3,1.25,-0.0385,61.0,30.67,-0.4972,1.36,1.3,-0.0441,11646.0,10973.0,-0.0578,15839.0,14265.0,-0.0994,90.0,71.0,-0.2111,0.0197,0.0141,-0.2843
1151 - RTD JUICE,CHILLER,1.37,1.42,0.0365,794.5,206.0,-0.7407,2.04,1.27,-0.3775,11175.0,14454.0,0.2934,22797.0,18357.0,-0.1948,779.0,488.0,-0.3736,0.1703,0.0967,-0.4322
1154 - RTD TEA,CHILLER,1.58,1.86,0.1772,672.5,278.67,-0.5856,1.51,1.31,-0.1325,7685.0,9343.0,0.2157,11604.0,12239.0,0.0547,889.0,638.0,-0.2823,0.1943,0.1264,-0.3495
1156 - RTD COFFEE,CHILLER,1.46,1.4,-0.0411,390.5,323.33,-0.172,1.36,1.31,-0.0368,10046.0,10246.0,0.0199,13663.0,13422.0,-0.0176,573.0,743.0,0.2967,0.1252,0.1472,0.1757
2022 - SPECIALTY LIQUID MILK,CHILLER,2.26,1.65,-0.2699,23.5,28.33,0.2055,1.21,1.37,0.1322,21311.0,17087.0,-0.1982,25786.0,23409.0,-0.0922,39.0,62.0,0.5897,0.0085,0.0123,0.4471
2023 - TETRAPACK LIQUID MILK,CHILLER,2.05,2.36,0.1512,1236.0,963.33,-0.2206,1.58,1.59,0.0063,13462.0,11634.0,-0.1358,21270.0,18498.0,-0.1303,1564.0,1820.0,0.1637,0.3419,0.3605,0.0544
2024 - BOTTLE - CAN LIQUID MILK,CHILLER,2.71,2.05,-0.2435,413.5,434.67,0.0512,1.29,1.36,0.0543,30149.0,18772.0,-0.3774,38892.0,25530.0,-0.3436,642.0,956.0,0.4891,0.1403,0.1894,0.35
2025 - PLANT BASED LIQUID MILK,CHILLER,1.4,1.47,0.05,81.0,73.33,-0.0947,1.3,1.23,-0.0538,11609.0,15640.0,0.3472,15092.0,19237.0,0.2746,125.0,179.0,0.432,0.0273,0.0355,0.3004
6212 - YOGHURT,CHILLER,1.77,1.66,-0.0621,545.5,365.67,-0.3297,1.36,1.44,0.0588,12048.0,11652.0,-0.0329,16385.0,16779.0,0.024,800.0,762.0,-0.0475,0.1749,0.151,-0.1366
6218 - PUDDING,CHILLER,1.63,1.28,-0.2147,35.5,48.67,0.371,1.25,1.19,-0.048,10342.0,9775.0,-0.0548,12928.0,11632.0,-0.1002,57.0,123.0,1.1579,0.0125,0.0244,0.952
6226 - CHILLED MEAT BALLS,CHILLER,1.32,1.22,-0.0758,130.0,83.0,-0.3615,1.3,1.17,-0.1,11775.0,10816.0,-0.0814,15308.0,12655.0,-0.1733,200.0,212.0,0.06,0.0437,0.042,-0.0389
6227 - CHILLED SAUSAGES,CHILLER,1.61,1.66,0.0311,718.5,552.0,-0.2317,1.43,1.44,0.007,14423.0,14745.0,0.0223,20625.0,21233.0,0.0295,1006.0,1151.0,0.1441,0.2199,0.228,0.0368
6524 - SEASONAL FRUIT,CHILLER,,1.12,,,2.67,,,1.0,,,35638.0,,,35638.0,,,8.0,,,0.0016,
2011 - FAMILY MILK,MILK & DIAPERS,1.15,1.12,-0.0261,156.5,84.0,-0.4633,1.43,1.52,0.0629,82206.0,87287.0,0.0618,117555.0,132676.0,0.1286,219.0,166.0,-0.242,0.0496,0.0475,-0.0423
2012 - TEENS MILK,MILK & DIAPERS,1.22,1.08,-0.1148,260.0,111.33,-0.5718,1.95,1.48,-0.241,88865.0,66838.0,-0.2479,173287.0,98920.0,-0.4292,267.0,225.0,-0.1573,0.0604,0.0644,0.0662
2013 - HI-CALCIUM MILK,MILK & DIAPERS,1.17,1.16,-0.0085,144.0,93.33,-0.3519,1.26,1.27,0.0079,108873.0,107344.0,-0.014,137180.0,136327.0,-0.0062,229.0,221.0,-0.0349,0.0518,0.0632,0.2201
2014 - TONIC MILK,MILK & DIAPERS,1.1,1.3,0.1818,20.5,3.33,-0.8376,2.41,1.0,-0.5851,92185.0,110370.0,0.1973,222166.0,110370.0,-0.5032,17.0,10.0,-0.4118,0.0038,0.0029,-0.2368
2015 - DIETATIC MILK,MILK & DIAPERS,1.5,1.0,-0.3333,1.0,1.67,0.67,1.0,1.25,0.25,125250.0,90800.0,-0.275,125250.0,113500.0,-0.0938,2.0,4.0,1.0,0.0005,0.0011,1.2
2016 - DIABETIC MILK,MILK & DIAPERS,1.15,1.05,-0.087,20.0,13.33,-0.3335,1.54,1.67,0.0844,96715.0,125718.0,0.2999,148941.0,209949.0,0.4096,26.0,24.0,-0.0769,0.0059,0.0069,0.1695
2111 - INFANT MILK MAINSTREAM,MILK & DIAPERS,1.43,1.13,-0.2098,93.0,67.33,-0.276,1.79,2.15,0.2011,60081.0,46112.0,-0.2325,107545.0,99141.0,-0.0781,104.0,94.0,-0.0962,0.0235,0.0269,0.1447
2112 - INFANT MILK PREMIUM,MILK & DIAPERS,1.2,1.12,-0.0667,107.5,42.0,-0.6093,2.13,1.73,-0.1878,105223.0,107287.0,0.0196,224125.0,185607.0,-0.1719,101.0,73.0,-0.2772,0.0229,0.0209,-0.0873
2113 - INFANT MILK SUPER PREMIUM,MILK & DIAPERS,1.11,1.21,0.0901,22.5,9.67,-0.5702,2.25,1.71,-0.24,228736.0,185724.0,-0.188,514656.0,317588.0,-0.3829,20.0,17.0,-0.15,0.0045,0.0049,0.0889
2114 - FOLLOW ON MILK MAINSTREAM,MILK & DIAPERS,1.29,1.25,-0.031,120.5,76.33,-0.3666,2.34,2.18,-0.0684,55880.0,63907.0,0.1436,130759.0,139317.0,0.0654,103.0,105.0,0.0194,0.0233,0.03,0.2876
2115 - FOLLOW ON MILK PREMIUM,MILK & DIAPERS,1.21,1.12,-0.0744,118.0,48.33,-0.5904,2.11,2.3,0.09,109361.0,93255.0,-0.1473,230752.0,214486.0,-0.0705,112.0,63.0,-0.4375,0.0254,0.018,-0.2913
2116 - FOLLOW ON MILK SUPER PREMIUM,MILK & DIAPERS,1.16,1.1,-0.0517,44.5,23.67,-0.4681,2.22,2.54,0.1441,200492.0,192979.0,-0.0375,445092.0,490167.0,0.1013,40.0,28.0,-0.3,0.0091,0.008,-0.1209
2117 - GROWING UP MILK MAINSTREAM,MILK & DIAPERS,1.25,1.26,0.008,1618.5,821.33,-0.4925,2.4,2.25,-0.0625,80532.0,78624.0,-0.0237,193277.0,176904.0,-0.0847,1350.0,1095.0,-0.1889,0.3056,0.3132,0.0249
2118 - GROWING UP MILK PREMIUM,MILK & DIAPERS,1.19,1.13,-0.0504,698.5,330.67,-0.5266,2.4,2.59,0.0792,147270.0,120124.0,-0.1843,353448.0,311121.0,-0.1198,581.0,383.0,-0.3408,0.1315,0.1096,-0.1665
2119 - GROWING UP MILK SUPER PREMIUM,MILK & DIAPERS,1.19,1.11,-0.0672,193.5,97.67,-0.4952,2.16,2.09,-0.0324,246795.0,224579.0,-0.09,533077.0,469370.0,-0.1195,179.0,140.0,-0.2179,0.0405,0.04,-0.0123
2121 - BABY CEREAL,MILK & DIAPERS,1.58,1.44,-0.0886,235.0,127.0,-0.4596,1.64,1.69,0.0305,23732.0,22213.0,-0.064,38920.0,37540.0,-0.0355,287.0,226.0,-0.2125,0.065,0.0646,-0.0062
2122 - BABY BISCUIT & SNACK,MILK & DIAPERS,2.01,1.74,-0.1343,841.0,404.67,-0.5188,1.7,1.6,-0.0588,20985.0,18085.0,-0.1382,35674.0,28936.0,-0.1889,992.0,758.0,-0.2359,0.2246,0.2168,-0.0347
2131 - PREGNANT MILK,MILK & DIAPERS,1.08,1.1,0.0185,53.5,32.0,-0.4019,1.34,1.3,-0.0299,71354.0,74984.0,0.0509,95614.0,97479.0,0.0195,80.0,74.0,-0.075,0.0181,0.0212,0.1713
3431 - REGULAR DIAPERS,MILK & DIAPERS,1.15,1.08,-0.0609,104.0,48.0,-0.5385,1.49,1.35,-0.094,65848.0,64254.0,-0.0242,98114.0,86743.0,-0.1159,140.0,107.0,-0.2357,0.0317,0.0306,-0.0347
3432 - PANTS DIAPERS,MILK & DIAPERS,1.21,1.1,-0.0909,1907.5,743.33,-0.6103,2.2,2.0,-0.0909,75793.0,65916.0,-0.1303,166745.0,131832.0,-0.2094,1737.0,1116.0,-0.3575,0.3933,0.3192,-0.1884
3211 - SHAMPOO,PERSONAL CARE,1.2,1.18,-0.0167,2497.5,809.67,-0.6758,1.26,1.32,0.0476,41560.0,41735.0,0.0042,52366.0,55090.0,0.052,3949.0,1840.0,-0.5341,0.2906,0.2466,-0.1514
3213 - CONDITIONER,PERSONAL CARE,1.19,1.1,-0.0756,419.0,102.67,-0.755,1.21,1.21,0.0,32278.0,34066.0,0.0554,39056.0,41220.0,0.0554,690.0,254.0,-0.6319,0.0508,0.034,-0.3307
3214 - HAIR TONIC,PERSONAL CARE,1.1,1.0,-0.0909,24.0,9.0,-0.625,1.02,1.08,0.0588,44498.0,38256.0,-0.1403,45388.0,41316.0,-0.0897,47.0,25.0,-0.4681,0.0035,0.0034,-0.0286
3215 - HAIR STYLING,PERSONAL CARE,1.01,1.03,0.0198,136.5,104.33,-0.2357,1.11,1.19,0.0721,30740.0,30786.0,0.0015,34121.0,36635.0,0.0737,246.0,264.0,0.0732,0.0181,0.0354,0.9558
3216 - HAIR COLOUR,PERSONAL CARE,1.71,1.43,-0.1637,389.0,180.33,-0.5364,1.15,1.24,0.0783,32799.0,27508.0,-0.1613,37719.0,34110.0,-0.0957,676.0,436.0,-0.355,0.0497,0.0584,0.1751
3217 - HAIR MASK,PERSONAL CARE,1.37,1.42,0.0365,220.5,84.0,-0.619,1.21,1.22,0.0083,15810.0,14646.0,-0.0736,19130.0,17868.0,-0.066,365.0,206.0,-0.4356,0.0269,0.0276,0.026
3218 - HAIR VITAMIN,PERSONAL CARE,1.12,1.19,0.0625,329.0,128.67,-0.6089,1.18,1.2,0.0169,23017.0,26303.0,0.1428,27160.0,31564.0,0.1622,558.0,323.0,-0.4211,0.0411,0.0433,0.0535
3221 - BAR SOAP,PERSONAL CARE,1.37,1.35,-0.0146,1065.0,492.33,-0.5377,1.23,1.35,0.0976,15972.0,16426.0,0.0284,19646.0,22175.0,0.1287,1731.0,1098.0,-0.3657,0.1274,0.1472,0.1554
3222 - BEAUTY LIQUID SOAP,PERSONAL CARE,1.35,1.36,0.0074,1964.0,697.0,-0.6451,1.29,1.38,0.0698,35094.0,35783.0,0.0196,45271.0,49381.0,0.0908,3040.0,1515.0,-0.5016,0.2237,0.2031,-0.0921
3223 - HEALTHY LIQUID SOAP,PERSONAL CARE,1.33,1.44,0.0827,1929.5,678.0,-0.6486,1.28,1.37,0.0703,36680.0,38445.0,0.0481,46950.0,52670.0,0.1218,3014.0,1486.0,-0.507,0.2218,0.1992,-0.1019
3224 - FEMININ HYGIENE,PERSONAL CARE,1.04,1.03,-0.0096,149.5,57.33,-0.6165,1.12,1.12,0.0,22242.0,20403.0,-0.0827,24911.0,22851.0,-0.0827,268.0,154.0,-0.4254,0.0197,0.0206,0.0457
3225 - HAND SOAP,PERSONAL CARE,1.52,1.37,-0.0987,402.5,110.33,-0.7259,1.26,1.22,-0.0317,18123.0,15787.0,-0.1289,22835.0,19260.0,-0.1566,641.0,272.0,-0.5757,0.0472,0.0365,-0.2267
3226 - MEN SOAP,PERSONAL CARE,1.0,,,1.5,,,1.0,,,26967.0,,,26967.0,,,3.0,,,0.0002,,
3231 - WOMEN DEO,PERSONAL CARE,1.2,1.12,-0.0667,797.0,310.67,-0.6102,1.12,1.23,0.0982,24730.0,22576.0,-0.0871,27698.0,27768.0,0.0025,1420.0,759.0,-0.4655,0.1045,0.1017,-0.0268
3232 - WOMEN PARFUME & EDT,PERSONAL CARE,1.05,1.08,0.0286,310.5,206.0,-0.3366,1.11,1.24,0.1171,44944.0,43470.0,-0.0328,49888.0,53903.0,0.0805,558.0,499.0,-0.1057,0.0411,0.0669,0.6277
3233 - WOMEN BODY SPRAY,PERSONAL CARE,1.03,1.02,-0.0097,69.0,26.67,-0.6135,1.1,1.08,-0.0182,24920.0,24822.0,-0.0039,27412.0,26808.0,-0.022,125.0,74.0,-0.408,0.0092,0.0099,0.0761
3234 - WOMEN COLOGNE,PERSONAL CARE,1.12,1.1,-0.0179,156.0,133.67,-0.1431,1.1,1.25,0.1364,18941.0,18728.0,-0.0112,20835.0,23410.0,0.1236,283.0,322.0,0.1378,0.0208,0.0432,1.0769
3235 - MEN DEO ROLL ON,PERSONAL CARE,1.19,1.09,-0.084,504.5,235.0,-0.5342,1.11,1.22,0.0991,24990.0,22949.0,-0.0817,27739.0,27998.0,0.0093,912.0,580.0,-0.364,0.0671,0.0777,0.158
3237 - MEN BODY SPRAY,PERSONAL CARE,1.11,1.09,-0.018,57.0,38.33,-0.3275,1.12,1.11,-0.0089,30804.0,29319.0,-0.0482,34500.0,32544.0,-0.0567,102.0,104.0,0.0196,0.0075,0.0139,0.8533
3238 - MEN COLOGNE,PERSONAL CARE,1.02,1.13,0.1078,21.5,13.0,-0.3953,1.1,1.11,0.0091,17486.0,19567.0,0.119,19235.0,21719.0,0.1291,39.0,35.0,-0.1026,0.0029,0.0047,0.6207
3239 - MEN PARFUME & EDT,PERSONAL CARE,1.06,1.06,0.0,139.5,113.0,-0.19,1.12,1.22,0.0893,38214.0,41552.0,0.0874,42800.0,50693.0,0.1844,248.0,277.0,0.1169,0.0182,0.0371,1.0385
3240 - SUNSCREEN,PERSONAL CARE,1.06,1.04,-0.0189,258.0,109.33,-0.5762,1.08,1.15,0.0648,42456.0,41312.0,-0.0269,45852.0,47509.0,0.0361,478.0,284.0,-0.4059,0.0352,0.0381,0.0824
3241 - FACIAL WASH SOAP,PERSONAL CARE,1.17,1.49,0.2735,1129.5,531.67,-0.5293,1.17,1.44,0.2308,38095.0,52390.0,0.3752,44571.0,75442.0,0.6926,1931.0,1106.0,-0.4272,0.1421,0.1483,0.0436
3242 - FACIAL CLEANSER MILK,PERSONAL CARE,1.04,1.03,-0.0096,56.5,22.67,-0.5988,1.06,1.06,0.0,17195.0,17085.0,-0.0064,18227.0,18110.0,-0.0064,107.0,64.0,-0.4019,0.0079,0.0086,0.0886
3243 - FACIAL CLEANSER TONIC,PERSONAL CARE,1.06,1.01,-0.0472,111.0,52.33,-0.5286,1.09,1.11,0.0183,20559.0,17696.0,-0.1393,22409.0,19643.0,-0.1234,203.0,142.0,-0.3005,0.0149,0.019,0.2752
3244 - CLEANSER,PERSONAL CARE,1.07,1.02,-0.0467,321.5,104.67,-0.6744,1.22,1.15,-0.0574,39238.0,40901.0,0.0424,47870.0,47036.0,-0.0174,527.0,274.0,-0.4801,0.0388,0.0367,-0.0541
3245 - MOISTURIZER,PERSONAL CARE,1.08,1.04,-0.037,200.0,89.67,-0.5516,1.13,1.19,0.0531,47992.0,47339.0,-0.0136,54231.0,56333.0,0.0388,355.0,227.0,-0.3606,0.0261,0.0304,0.1648
3246 - FACE MASK,PERSONAL CARE,1.33,1.0,-0.2481,24.5,5.0,-0.7959,1.07,1.0,-0.0654,70324.0,46520.0,-0.3385,75247.0,46520.0,-0.3818,46.0,15.0,-0.6739,0.0034,0.002,-0.4118
3247 - ANTI ACNE,PERSONAL CARE,1.24,1.24,0.0,138.5,31.0,-0.7762,1.28,1.22,-0.0469,24315.0,24511.0,0.0081,31123.0,29903.0,-0.0392,217.0,76.0,-0.6498,0.016,0.0102,-0.3625
3248 - MEN FACIAL FOAM SOAP,PERSONAL CARE,1.08,1.09,0.0093,366.0,234.0,-0.3607,1.13,1.36,0.2035,44340.0,44851.0,0.0115,50104.0,60997.0,0.2174,650.0,517.0,-0.2046,0.0478,0.0693,0.4498
3249 - SERUM ESSENCE,PERSONAL CARE,1.09,1.06,-0.0275,54.0,22.67,-0.5802,1.16,1.15,-0.0086,45712.0,31793.0,-0.3045,53026.0,36562.0,-0.3105,93.0,59.0,-0.3656,0.0068,0.0079,0.1618
3251 - BODY LOTION,PERSONAL CARE,1.18,1.07,-0.0932,737.0,313.67,-0.5744,1.14,1.27,0.114,27577.0,24125.0,-0.1252,31438.0,30639.0,-0.0254,1297.0,740.0,-0.4295,0.0954,0.0992,0.0398
3252 - BODY SERUM,PERSONAL CARE,1.08,1.1,0.0185,142.5,107.67,-0.2444,1.07,1.18,0.1028,42529.0,44002.0,0.0346,45506.0,51922.0,0.141,266.0,273.0,0.0263,0.0196,0.0366,0.8673
3253 - BODY SCRUB,PERSONAL CARE,1.09,1.07,-0.0183,224.0,76.0,-0.6607,1.1,1.11,0.0091,21473.0,22528.0,0.0491,23620.0,25006.0,0.0587,408.0,206.0,-0.4951,0.03,0.0276,-0.08
3257 - SUNBLOCK,PERSONAL CARE,1.0,,,0.5,,,1.0,,,53900.0,,,53900.0,,,1.0,,,0.0001,,
3261 - FOUNDATION,PERSONAL CARE,1.0,1.0,0.0,12.0,2.0,-0.8333,1.0,1.0,0.0,71500.0,39683.0,-0.445,71500.0,39683.0,-0.445,24.0,6.0,-0.75,0.0018,0.0008,-0.5556
3262 - COMPACT POWDER,PERSONAL CARE,1.16,1.1,-0.0517,51.5,13.33,-0.7412,1.04,1.0,-0.0385,37215.0,38428.0,0.0326,38704.0,38428.0,-0.0071,99.0,40.0,-0.596,0.0073,0.0054,-0.2603
3264 - EYE,PERSONAL CARE,1.14,1.09,-0.0439,25.5,7.67,-0.6992,1.06,1.0,-0.0566,50188.0,58161.0,0.1589,53199.0,58161.0,0.0933,48.0,23.0,-0.5208,0.0035,0.0031,-0.1143
3265 - LIPS,PERSONAL CARE,1.07,1.07,0.0,55.0,9.0,-0.8364,1.06,1.04,-0.0189,40110.0,45430.0,0.1326,42517.0,47247.0,0.1112,104.0,26.0,-0.75,0.0077,0.0035,-0.5455
3266 - NAIL,PERSONAL CARE,1.0,,,1.5,,,1.0,,,30500.0,,,30500.0,,,3.0,,,0.0002,,
3281 - RAZOR,PERSONAL CARE,1.05,1.0,-0.0476,10.5,5.67,-0.46,1.0,1.06,0.06,41114.0,29318.0,-0.2869,41114.0,31077.0,-0.2441,21.0,16.0,-0.2381,0.0015,0.0021,0.4
3282 - DISPOSABLE RAZOR,PERSONAL CARE,1.03,1.01,-0.0194,332.0,151.67,-0.5432,1.05,1.1,0.0476,20065.0,19724.0,-0.017,21068.0,21696.0,0.0298,630.0,412.0,-0.346,0.0464,0.0552,0.1897
3283 - REFILL RAZOR,PERSONAL CARE,1.0,1.05,0.05,19.5,12.67,-0.3503,1.03,1.03,0.0,26428.0,27892.0,0.0554,27221.0,28729.0,0.0554,38.0,37.0,-0.0263,0.0028,0.005,0.7857
3284 - SHAVING CARE,PERSONAL CARE,1.0,1.0,0.0,3.0,3.0,0.0,1.0,1.0,0.0,46900.0,53933.0,0.15,46900.0,53933.0,0.15,6.0,9.0,0.5,0.0004,0.0012,2.0
3331 - BEAUTY COTTON,PERSONAL CARE,1.08,1.05,-0.0278,851.0,264.67,-0.689,1.15,1.14,-0.0087,12273.0,12504.0,0.0188,14114.0,14255.0,0.01,1479.0,694.0,-0.5308,0.1088,0.093,-0.1452
4271 - BATHROOM ACCESSORIES,PERSONAL CARE,1.0,1.0,0.0,35.0,16.0,-0.5429,1.06,1.07,0.0094,16306.0,17052.0,0.0458,17284.0,18246.0,0.0557,66.0,45.0,-0.3182,0.0049,0.006,0.2245
1511 - RICE,STAPLE NEED,1.26,1.18,-0.0635,6427.5,1413.0,-0.7802,1.82,1.65,-0.0934,89427.0,87340.0,-0.0233,162757.0,144111.0,-0.1146,7046.0,2576.0,-0.6344,0.2786,0.1469,-0.4727
1512 - SUGAR,STAPLE NEED,1.71,1.87,0.0936,5116.0,2254.0,-0.5594,1.84,1.73,-0.0598,29857.0,32903.0,0.102,54937.0,56922.0,0.0361,5547.0,3916.0,-0.294,0.2194,0.2233,0.0178
1513 - FLOUR,STAPLE NEED,1.25,1.27,0.016,1246.0,463.67,-0.6279,1.23,1.19,-0.0325,15665.0,15430.0,-0.015,19268.0,18362.0,-0.047,2030.0,1172.0,-0.4227,0.0803,0.0668,-0.1681
1521 - PALM COOKING OIL,STAPLE NEED,1.36,1.33,-0.0221,7885.5,3954.33,-0.4985,1.63,1.67,0.0245,51972.0,50940.0,-0.0199,84714.0,85070.0,0.0042,9672.0,7092.0,-0.2667,0.3825,0.4043,0.057
1522 - OTHER COOKING OIL,STAPLE NEED,1.32,1.21,-0.0833,75.0,12.67,-0.8311,1.17,1.09,-0.0684,85070.0,72511.0,-0.1476,99532.0,79037.0,-0.2059,128.0,35.0,-0.7266,0.0051,0.002,-0.6078
1523 - MARGARINE & BUTTER,STAPLE NEED,1.33,1.37,0.0301,2070.0,968.0,-0.5324,1.26,1.27,0.0079,12563.0,12845.0,0.0224,15829.0,16313.0,0.0306,3283.0,2284.0,-0.3043,0.1298,0.1302,0.0031
1531 - SEED & BEAN,STAPLE NEED,1.23,1.15,-0.065,91.0,30.67,-0.663,1.09,1.15,0.055,13432.0,12111.0,-0.0983,14641.0,13928.0,-0.0487,167.0,80.0,-0.521,0.0066,0.0046,-0.303
1532 - SUNDRIED CRACKER,STAPLE NEED,1.13,1.16,0.0265,52.0,14.33,-0.7244,1.28,1.26,-0.0156,12971.0,10121.0,-0.2197,16603.0,12752.0,-0.2319,81.0,34.0,-0.5802,0.0032,0.0019,-0.4063
1611 - POWDER JELLY,STAPLE NEED,1.92,1.87,-0.026,507.5,251.33,-0.5048,1.17,1.16,-0.0085,12294.0,12465.0,0.0139,14384.0,14459.0,0.0052,864.0,652.0,-0.2454,0.0342,0.0372,0.0877
1612 - PROCESSED PUDDING,STAPLE NEED,1.66,1.54,-0.0723,661.0,301.33,-0.5441,1.2,1.14,-0.05,20179.0,19485.0,-0.0344,24215.0,22213.0,-0.0827,1100.0,792.0,-0.28,0.0435,0.0452,0.0391
1621 - ESSENCE,STAPLE NEED,1.09,1.13,0.0367,116.5,43.33,-0.6281,1.06,1.03,-0.0283,10827.0,11103.0,0.0255,11477.0,11436.0,-0.0036,219.0,126.0,-0.4247,0.0087,0.0072,-0.1724
1622 - COLOURING & FLAVOURING,STAPLE NEED,1.1,1.12,0.0182,99.0,31.67,-0.6801,1.15,1.08,-0.0609,27352.0,30500.0,0.1151,31455.0,32940.0,0.0472,172.0,88.0,-0.4884,0.0068,0.005,-0.2647
1623 - BAKING POWDER,STAPLE NEED,1.15,1.12,-0.0261,185.5,64.67,-0.6514,1.07,1.05,-0.0187,7920.0,7513.0,-0.0514,8474.0,7889.0,-0.069,348.0,184.0,-0.4713,0.0138,0.0105,-0.2391
1624 - INSTANT PROCESS FOOD,STAPLE NEED,1.15,1.15,0.0,104.5,31.0,-0.7033,1.16,1.12,-0.0345,19408.0,18954.0,-0.0234,22513.0,21228.0,-0.0571,180.0,83.0,-0.5389,0.0071,0.0047,-0.338
1625 - COCONUT MILK,STAPLE NEED,2.26,2.0,-0.115,2022.5,857.33,-0.5761,1.38,1.37,-0.0072,15678.0,13390.0,-0.1459,21636.0,18344.0,-0.1522,2932.0,1876.0,-0.3602,0.1159,0.107,-0.0768
1711 - MSG ( MONO SODIUM GLUTAMATE ),STAPLE NEED,1.2,1.08,-0.1,431.5,215.33,-0.501,1.3,1.25,-0.0385,9054.0,8727.0,-0.0361,11770.0,10909.0,-0.0732,665.0,518.0,-0.2211,0.0263,0.0295,0.1217
1712 - SALT,STAPLE NEED,1.06,1.09,0.0283,563.5,192.33,-0.6587,1.11,1.09,-0.018,11024.0,10806.0,-0.0198,12237.0,11779.0,-0.0374,1014.0,528.0,-0.4793,0.0401,0.0301,-0.2494
1713 - SPICES,STAPLE NEED,1.21,1.07,-0.1157,241.0,46.0,-0.8091,1.14,1.1,-0.0351,11823.0,13519.0,0.1434,13478.0,14871.0,0.1034,423.0,125.0,-0.7045,0.0167,0.0071,-0.5749
1714 - STOCK SOUP,STAPLE NEED,1.3,1.32,0.0154,1521.5,475.67,-0.6874,1.33,1.29,-0.0301,11016.0,11365.0,0.0317,14651.0,14661.0,0.0007,2291.0,1103.0,-0.5186,0.0906,0.0629,-0.3057
1715 - MEAL MAKER,STAPLE NEED,1.81,1.67,-0.0773,1305.0,468.67,-0.6409,1.22,1.21,-0.0082,8890.0,8920.0,0.0034,10846.0,10793.0,-0.0049,2143.0,1159.0,-0.4592,0.0847,0.0661,-0.2196
1716 - FLOUR SEASONING,STAPLE NEED,1.47,1.38,-0.0612,1195.5,539.33,-0.5489,1.23,1.21,-0.0163,11121.0,10274.0,-0.0762,13679.0,12432.0,-0.0912,1948.0,1341.0,-0.3116,0.077,0.0765,-0.0065
"1717 - SHRIMP PASTE, PEANUT SAUCE AND OTHER",STAPLE NEED,1.12,1.2,0.0714,145.5,54.33,-0.6266,1.1,1.12,0.0182,11201.0,12920.0,0.1535,12321.0,14470.0,0.1744,265.0,146.0,-0.4491,0.0105,0.0083,-0.2095
1721 - CHILLI,STAPLE NEED,1.25,1.18,-0.056,2736.5,1251.67,-0.5426,1.21,1.23,0.0165,17324.0,16551.0,-0.0446,20962.0,20358.0,-0.0288,4536.0,3055.0,-0.3265,0.1794,0.1742,-0.029
1722 - TOMATO,STAPLE NEED,1.17,1.19,0.0171,942.5,401.33,-0.5742,1.17,1.17,0.0,15331.0,15887.0,0.0363,17937.0,18588.0,0.0363,1618.0,1033.0,-0.3616,0.064,0.0589,-0.0797
1723 - SOY SAUCE,STAPLE NEED,1.59,1.42,-0.1069,2856.5,1154.33,-0.5959,1.3,1.26,-0.0308,33720.0,29272.0,-0.1319,43836.0,36883.0,-0.1586,4391.0,2753.0,-0.373,0.1736,0.157,-0.0956
1724 - LIQUID SAUCE & VINEGAR,STAPLE NEED,1.18,1.11,-0.0593,1008.5,389.33,-0.614,1.13,1.16,0.0265,20187.0,17077.0,-0.1541,22811.0,19809.0,-0.1316,1787.0,1009.0,-0.4354,0.0707,0.0575,-0.1867
1725 - DRESSING,STAPLE NEED,1.58,1.42,-0.1013,564.0,242.0,-0.5709,1.14,1.18,0.0351,18433.0,16331.0,-0.114,21014.0,19271.0,-0.0829,988.0,614.0,-0.3785,0.0391,0.035,-0.1049
1811 - CANNED MEAT,STAPLE NEED,1.15,1.13,-0.0174,250.5,114.33,-0.5436,1.09,1.18,0.0826,20058.0,21153.0,0.0546,21863.0,24961.0,0.1417,459.0,290.0,-0.3682,0.0182,0.0165,-0.0934
1812 - CANNED SEAFOOD,STAPLE NEED,1.41,1.3,-0.078,930.0,393.0,-0.5774,1.19,1.2,0.0084,22437.0,24144.0,0.0761,26700.0,28973.0,0.0851,1568.0,980.0,-0.375,0.062,0.0559,-0.0984
1813 - CANNED VEGETABLE,STAPLE NEED,1.0,,,1.0,,,1.0,,,11900.0,,,11900.0,,,2.0,,,0.0001,,
1814 - CANNED FRUIT,STAPLE NEED,1.25,,,4.0,,,1.0,,,35162.0,,,35162.0,,,8.0,,,0.0003,,
1821 - DRIED MEAT,STAPLE NEED,1.18,1.21,0.0254,114.5,62.67,-0.4527,1.27,1.31,0.0315,19413.0,19446.0,0.0017,24655.0,25474.0,0.0332,181.0,144.0,-0.2044,0.0072,0.0082,0.1389
1915 - PASTA,STAPLE NEED,2.57,3.17,0.2335,1833.5,1338.33,-0.2701,1.24,1.27,0.0242,12807.0,13928.0,0.0875,15881.0,17689.0,0.1138,2965.0,3150.0,0.0624,0.1172,0.1796,0.5324
1921 - INSTANT SOUP,STAPLE NEED,1.35,1.31,-0.0296,67.0,32.33,-0.5175,1.12,1.17,0.0446,13848.0,13686.0,-0.0117,15510.0,16013.0,0.0324,120.0,83.0,-0.3083,0.0047,0.0047,0.0
1922 - INSTANT RICE,STAPLE NEED,1.5,,,5.0,,,1.11,,,108600.0,,,120546.0,,,9.0,,,0.0004,,
