CATEGORY,SECTION,AVG_QTY_STRUK_MONTH_BEFORE,AVG_QTY_STRUK_MONTH_AFTER,AVG_QTY_STRUK_MONTH_GROWTH,AVG_STRUK_MONTH_BEFORE,AVG_STRUK_MONTH_AFTER,AVG_STRUK_MONTH_GROWTH,PURCHASE_FREQUENCY_BEFORE,PURCHASE_FREQUENCY_AFTER,PURCHASE_FREQUENCY_GROWTH,SPT_BEFORE,SPT_AFTER,SPT_GROWTH,SPB_BEFORE,SPB_AFTER,SPB_GROWTH,BUYER_COUNT_BEFORE,BUYER_COUNT_AFTER,BUYER_COUNT_GROWTH,TRANSACTION_PENETRATION_BEFORE,TRANSACTION_PENETRATION_AFTER,TRANSACTION_PENETRATION_GROWTH,BUYER_PROMO_BEFORE,BUYER_PROMO_AFTER,BUYER_NON_PROMO_BEFORE,BUYER_NON_PROMO_AFTER,PROMO_SHARE_BEFORE,PROMO_SHARE_AFTER,NON_PROMO_SHARE_BEFORE,NON_PROMO_SHARE_AFTER
1511 - RICE,-,1.07,,,20.5,,,1.46,,,165268.0,,,241291.0,,,28.0,,,0.0769,,,0.0,,28.0,,0.0,,1.0,
4251 - CLEANING EQUIPMENT,-,1.0,1.0,0.0,5.5,3.0,-0.4545,1.0,1.0,0.0,9300.0,9300.0,0.0,9300.0,9300.0,0.0,11.0,9.0,-0.1818,0.0206,0.0089,-0.568,0.0,0.0,11.0,9.0,0.0,0.0,1.0,1.0
5831 - RELIGIOUS NEEDS,-,,2.0,,,1.33,,,1.0,,,131350.0,,,131350.0,,,4.0,,,0.004,,,2.0,,2.0,,0.5,,0.5
6229 - CHILLED SEAFOOD,-,,1.6,,,248.0,,,1.28,,,13311.0,,,17038.0,,,580.0,,,0.7381,,,444.0,,199.0,,0.6905,,0.3095
6235 - FROZEN MEAT BALLS,-,1.05,1.33,0.2667,80.5,22.33,-0.7226,1.11,1.22,0.0991,34109.0,49715.0,0.4575,37861.0,60652.0,0.602,145.0,55.0,-0.6207,0.3021,0.0665,-0.7799,88.0,20.0,64.0,38.0,0.5789,0.3448,0.4211,0.6552
6236 - FROZEN SAUSAGES,-,1.04,1.08,0.0385,167.5,64.33,-0.6159,1.12,1.07,-0.0446,42284.0,43996.0,0.0405,47358.0,47076.0,-0.006,298.0,180.0,-0.396,0.6285,0.1915,-0.6953,140.0,63.0,170.0,126.0,0.4516,0.3333,0.5484,0.6667
4641 - ACCESSORIES TRAVEL,ACCESSORIES,1.29,1.0,-0.2248,3.5,2.0,-0.4286,1.17,1.0,-0.1453,29871.0,23233.0,-0.2222,34949.0,23233.0,-0.3352,6.0,6.0,0.0,0.0179,0.0221,0.2346,0.0,1.0,6.0,5.0,0.0,0.1667,1.0,0.8333
5521 - BABIES & CHILDREN SOCK,ACCESSORIES,1.0,1.0,0.0,4.5,0.67,-0.8511,1.0,1.0,0.0,21122.0,20400.0,-0.0342,21122.0,20400.0,-0.0342,9.0,2.0,-0.7778,0.0231,0.0074,-0.6797,0.0,0.0,9.0,2.0,0.0,0.0,1.0,1.0
5523 - MENS SOCK,ACCESSORIES,1.11,1.11,0.0,30.5,20.33,-0.3334,1.02,1.07,0.049,22638.0,23672.0,0.0457,23091.0,25329.0,0.0969,60.0,57.0,-0.05,0.1564,0.2243,0.4341,24.0,18.0,38.0,41.0,0.3871,0.3051,0.6129,0.6949
5811 - COMB,ACCESSORIES,1.05,1.02,-0.0286,41.0,15.33,-0.6261,1.01,1.0,-0.0099,15082.0,12983.0,-0.1392,15233.0,12983.0,-0.1477,81.0,46.0,-0.4321,0.2103,0.1691,-0.1959,4.0,1.0,77.0,45.0,0.0494,0.0217,0.9506,0.9783
5812 - HAIR ACCESSORIES,ACCESSORIES,1.1,1.08,-0.0182,49.5,30.33,-0.3873,1.02,1.01,-0.0098,19463.0,19058.0,-0.0208,19852.0,19249.0,-0.0304,97.0,90.0,-0.0722,0.2538,0.3346,0.3184,19.0,0.0,82.0,90.0,0.1881,0.0,0.8119,1.0
5813 - PIN & SCISSORS NAIL,ACCESSORIES,1.0,1.02,0.02,48.0,21.33,-0.5556,1.01,1.0,-0.0099,20351.0,19533.0,-0.0402,20555.0,19533.0,-0.0497,95.0,64.0,-0.3263,0.2462,0.2353,-0.0443,3.0,7.0,92.0,58.0,0.0316,0.1077,0.9684,0.8923
5814 - BEAUTY ACCESSORIES,ACCESSORIES,1.06,1.14,0.0755,16.0,2.33,-0.8544,1.03,1.0,-0.0291,14491.0,13200.0,-0.0891,14926.0,13200.0,-0.1156,31.0,7.0,-0.7742,0.0821,0.0257,-0.687,3.0,0.0,28.0,7.0,0.0968,0.0,0.9032,1.0
5911 - HAIR ACCESSORIES IMPORT,ACCESSORIES,1.0,1.12,0.12,6.0,2.67,-0.555,1.0,1.0,0.0,20283.0,21462.0,0.0581,20283.0,21462.0,0.0581,12.0,8.0,-0.3333,0.0308,0.0294,-0.0455,6.0,3.0,6.0,5.0,0.5,0.375,0.5,0.625
4741 - CAR AIR FRESHENER,AIR FRESHNER,1.31,1.25,-0.0458,426.5,232.67,-0.4545,1.1,1.07,-0.0273,20241.0,21914.0,0.0827,22265.0,23448.0,0.0531,777.0,652.0,-0.1609,1.0,1.0,0.0,405.0,327.0,430.0,363.0,0.485,0.4739,0.515,0.5261
2411 - SKT (SIGARET KRETEK TANGAN),BACKWALL,1.27,1.24,-0.0236,1039.5,1009.67,-0.0287,1.57,1.68,0.0701,22301.0,21363.0,-0.0421,35013.0,35890.0,0.025,1323.0,1800.0,0.3605,0.1885,0.2251,0.1942,2.0,2.0,1322.0,1799.0,0.0015,0.0011,0.9985,0.9989
2412 - SKM (SIGARET KRETEK MESIN) LTLN,BACKWALL,1.3,1.2,-0.0769,2371.5,1870.33,-0.2113,1.84,1.78,-0.0326,43035.0,40488.0,-0.0592,79184.0,72069.0,-0.0899,2575.0,3152.0,0.2241,0.4301,0.4169,-0.0307,3.0,11.0,2574.0,3147.0,0.0012,0.0035,0.9988,0.9965
2413 - SKM (SIGARET KRETEK MESIN) FF,BACKWALL,1.25,1.21,-0.032,1529.0,1050.67,-0.3128,1.77,1.68,-0.0508,34885.0,34069.0,-0.0234,61746.0,57236.0,-0.073,1732.0,1877.0,0.0837,0.2773,0.2342,-0.1554,7.0,2.0,1728.0,1876.0,0.004,0.0011,0.996,0.9989
2414 - SPM (SIGARET PUTIH MESIN),BACKWALL,1.28,1.28,0.0,609.5,465.67,-0.236,1.9,1.67,-0.1211,46526.0,48305.0,0.0382,88399.0,80669.0,-0.0874,643.0,838.0,0.3033,0.1105,0.1038,-0.0606,9.0,5.0,636.0,837.0,0.014,0.0059,0.986,0.9941
2415 - SIGARET ELEKTRIK,BACKWALL,1.31,1.39,0.0611,218.5,313.0,0.4325,1.49,1.8,0.2081,104073.0,64478.0,-0.3805,155069.0,116060.0,-0.2516,294.0,523.0,0.7789,0.0396,0.0698,0.7626,28.0,209.0,294.0,370.0,0.087,0.361,0.913,0.639
"2421 - LIGHTER, MATCHES & PAPER",BACKWALL,1.05,1.06,0.0095,247.0,190.67,-0.2281,1.13,1.16,0.0265,6683.0,7186.0,0.0753,7552.0,8336.0,0.1038,436.0,494.0,0.133,0.0448,0.0425,-0.0513,0.0,0.0,436.0,494.0,0.0,0.0,1.0,1.0
1113 - MINERAL WATER,BCTB (FLOOR),1.27,1.32,0.0394,396.0,48.33,-0.878,1.33,1.1,-0.1729,39813.0,42022.0,0.0555,52951.0,46224.0,-0.127,596.0,132.0,-0.7785,0.0385,0.0454,0.1792,73.0,65.0,537.0,71.0,0.1197,0.4779,0.8803,0.5221
1119 - MINERAL WATER GALON,BCTB (FLOOR),1.38,1.4,0.0145,8055.0,538.67,-0.9331,2.2,1.47,-0.3318,30612.0,30866.0,0.0083,67346.0,45373.0,-0.3263,7325.0,1101.0,-0.8497,0.7823,0.5055,-0.3538,2475.0,163.0,6162.0,981.0,0.2866,0.1425,0.7134,0.8575
6111 - PACK EGG (NEGERI),BCTB (FLOOR),9.5,6.12,-0.3558,243.5,118.0,-0.5154,1.26,1.24,-0.0159,31090.0,28126.0,-0.0953,39173.0,34876.0,-0.1097,386.0,286.0,-0.2591,0.0236,0.1107,3.6907,55.0,56.0,344.0,244.0,0.1378,0.1867,0.8622,0.8133
6112 - BULKY EGG,BCTB (FLOOR),11.16,10.42,-0.0663,1663.5,306.67,-0.8156,1.57,1.33,-0.1529,25911.0,24609.0,-0.0502,40680.0,32730.0,-0.1954,2125.0,692.0,-0.6744,0.1616,0.2878,0.7809,639.0,547.0,1628.0,158.0,0.2819,0.7759,0.7181,0.2241
6121 - PACK EGG (KAMPUNG),BCTB (FLOOR),5.73,5.6,-0.0227,169.5,64.33,-0.6205,1.28,1.32,0.0313,24028.0,23653.0,-0.0156,30756.0,31222.0,0.0152,264.0,146.0,-0.447,0.0165,0.0604,2.6606,93.0,56.0,186.0,95.0,0.3333,0.3709,0.6667,0.6291
6131 - SALTY EGG,BCTB (FLOOR),1.35,1.33,-0.0148,55.0,9.0,-0.8364,1.2,1.08,-0.1,16011.0,15867.0,-0.009,19213.0,17136.0,-0.1081,92.0,25.0,-0.7283,0.0053,0.0084,0.5849,7.0,0.0,85.0,25.0,0.0761,0.0,0.9239,1.0
1115 - REMEDIES DRINK,BEVERAGES,1.03,1.14,0.1068,120.0,38.67,-0.6778,1.06,1.05,-0.0094,18834.0,22459.0,0.1925,19964.0,23582.0,0.1812,227.0,111.0,-0.511,0.0163,0.0119,-0.2699,96.0,46.0,135.0,68.0,0.4156,0.4035,0.5844,0.5965
1121 - DESSERT,BEVERAGES,1.31,1.24,-0.0534,320.0,148.33,-0.5365,1.16,1.11,-0.0431,13210.0,13598.0,0.0294,15324.0,15094.0,-0.015,552.0,400.0,-0.2754,0.0436,0.0455,0.0436,239.0,175.0,347.0,244.0,0.4078,0.4177,0.5922,0.5823
1141 - SYRUP,BEVERAGES,1.22,1.46,0.1967,136.0,117.33,-0.1373,1.06,1.04,-0.0189,33064.0,37875.0,0.1455,35048.0,39390.0,0.1239,256.0,337.0,0.3164,0.0185,0.036,0.9459,11.0,76.0,245.0,263.0,0.043,0.2242,0.957,0.7758
1142 - SQUASH,BEVERAGES,1.37,3.38,1.4672,63.0,83.33,0.3227,1.12,1.07,-0.0446,24373.0,42653.0,0.75,27298.0,45639.0,0.6719,112.0,233.0,1.0804,0.0086,0.0256,1.9767,89.0,134.0,26.0,104.0,0.7739,0.563,0.2261,0.437
1144 - POWDER DRINK,BEVERAGES,1.12,1.05,-0.0625,29.5,6.67,-0.7739,1.11,1.0,-0.0991,22210.0,17290.0,-0.2215,24653.0,17290.0,-0.2987,53.0,20.0,-0.6226,0.004,0.002,-0.5,5.0,2.0,48.0,18.0,0.0943,0.1,0.9057,0.9
1154 - RTD TEA,BEVERAGES,1.37,1.33,-0.0292,309.0,98.0,-0.6828,1.33,1.29,-0.0301,15253.0,14653.0,-0.0393,20286.0,18902.0,-0.0682,464.0,228.0,-0.5086,0.0421,0.0301,-0.285,321.0,171.0,186.0,70.0,0.6331,0.7095,0.3669,0.2905
1231 - TRADITIONAL DRINK,BEVERAGES,1.13,1.25,0.1062,189.5,130.67,-0.3104,1.13,1.18,0.0442,13480.0,15633.0,0.1597,15232.0,18447.0,0.2111,336.0,332.0,-0.0119,0.0258,0.0401,0.5543,144.0,107.0,217.0,252.0,0.3989,0.2981,0.6011,0.7019
2023 - TETRAPACK LIQUID MILK,BEVERAGES,1.52,1.71,0.125,6308.0,2706.0,-0.571,1.59,1.54,-0.0314,31748.0,33133.0,0.0436,50479.0,51025.0,0.0108,7937.0,5271.0,-0.3359,0.8591,0.8305,-0.0333,5914.0,4029.0,3063.0,1938.0,0.6588,0.6752,0.3412,0.3248
1311 - JAM,BREAD CORNER (BC),1.09,1.06,-0.0275,435.0,213.33,-0.5096,1.13,1.16,0.0265,24159.0,21181.0,-0.1233,27300.0,24570.0,-0.1,772.0,553.0,-0.2837,0.0264,0.0261,-0.0114,248.0,383.0,562.0,216.0,0.3062,0.6394,0.6938,0.3606
1312 - CHOCOLATE SPREAD,BREAD CORNER (BC),1.03,1.03,0.0,508.5,219.33,-0.5687,1.14,1.14,0.0,42122.0,40294.0,-0.0434,48019.0,45935.0,-0.0434,892.0,575.0,-0.3554,0.0309,0.0269,-0.1294,612.0,346.0,306.0,250.0,0.6667,0.5805,0.3333,0.4195
1313 - CHOCO RICE,BREAD CORNER (BC),1.06,1.07,0.0094,1044.5,375.0,-0.641,1.2,1.18,-0.0167,14835.0,15475.0,0.0431,17802.0,18260.0,0.0257,1734.0,951.0,-0.4516,0.0634,0.046,-0.2744,845.0,541.0,1011.0,456.0,0.4553,0.5426,0.5447,0.4574
1314 - CHEESE,BREAD CORNER (BC),1.32,1.27,-0.0379,2772.5,1091.0,-0.6065,1.33,1.29,-0.0301,21454.0,20439.0,-0.0473,28534.0,26366.0,-0.076,4178.0,2528.0,-0.3949,0.1684,0.1337,-0.2061,3129.0,1798.0,1452.0,953.0,0.683,0.6536,0.317,0.3464
6611 - BREAD,BREAD CORNER (BC),1.31,1.3,-0.0076,12929.0,6491.67,-0.4979,1.63,1.64,0.0061,17045.0,16512.0,-0.0313,27783.0,27080.0,-0.0253,15855.0,11871.0,-0.2513,0.7853,0.7956,0.0131,3679.0,3094.0,14254.0,10422.0,0.2052,0.2289,0.7948,0.7711
6612 - CAKE,BREAD CORNER (BC),1.42,1.5,0.0563,1156.5,862.33,-0.2544,1.34,1.41,0.0522,10963.0,10901.0,-0.0057,14690.0,15370.0,0.0463,1729.0,1838.0,0.063,0.0702,0.1057,0.5057,445.0,360.0,1448.0,1671.0,0.2351,0.1773,0.7649,0.8227
1111 - ENERGY DRINK,CHILLER,1.46,1.19,-0.1849,203.5,144.67,-0.2891,1.3,1.35,0.0385,11533.0,9030.0,-0.217,14993.0,12190.0,-0.187,312.0,321.0,0.0288,0.0076,0.0117,0.5395,229.0,220.0,101.0,136.0,0.6939,0.618,0.3061,0.382
1112 - CARBONATED DRINK,CHILLER,1.36,1.42,0.0441,4450.5,596.67,-0.8659,1.93,1.27,-0.342,10965.0,10684.0,-0.0256,21162.0,13569.0,-0.3588,4622.0,1406.0,-0.6958,0.1659,0.0482,-0.7095,3867.0,782.0,1067.0,754.0,0.7837,0.5091,0.2163,0.4909
1113 - MINERAL WATER,CHILLER,3.78,2.23,-0.4101,5634.5,3181.0,-0.4354,1.62,1.61,-0.0062,15161.0,9022.0,-0.4049,24561.0,14525.0,-0.4086,6966.0,5923.0,-0.1497,0.21,0.2567,0.2224,4643.0,4258.0,3249.0,2386.0,0.5883,0.6409,0.4117,0.3591
1114 - ISOTONIC DRINK,CHILLER,1.49,1.3,-0.1275,1579.0,676.0,-0.5719,1.26,1.26,0.0,14852.0,12002.0,-0.1919,18714.0,15123.0,-0.1919,2511.0,1609.0,-0.3592,0.0588,0.0546,-0.0714,1170.0,518.0,1601.0,1228.0,0.4222,0.2967,0.5778,0.7033
1115 - REMEDIES DRINK,CHILLER,1.8,1.67,-0.0722,1481.5,862.67,-0.4177,1.29,1.33,0.031,14692.0,14038.0,-0.0445,18953.0,18671.0,-0.0149,2298.0,1943.0,-0.1545,0.0552,0.0696,0.2609,1317.0,1084.0,1297.0,1129.0,0.5038,0.4898,0.4962,0.5102
1116 - VITAMIN DRINK,CHILLER,1.68,1.65,-0.0179,829.0,419.33,-0.4942,1.23,1.28,0.0407,13117.0,13119.0,0.0002,16134.0,16792.0,0.0408,1352.0,984.0,-0.2722,0.0309,0.0338,0.0939,1017.0,460.0,462.0,620.0,0.6876,0.4259,0.3124,0.5741
1117 - YOGHURT BEVERAGE,CHILLER,1.63,1.43,-0.1227,235.5,146.33,-0.3786,1.21,1.29,0.0661,14322.0,10716.0,-0.2518,17330.0,13824.0,-0.2023,390.0,341.0,-0.1256,0.0088,0.0118,0.3409,339.0,299.0,72.0,50.0,0.8248,0.8567,0.1752,0.1433
1118 - CARBONATED MALT,CHILLER,2.47,1.85,-0.251,116.0,48.67,-0.5804,1.15,1.15,0.0,19605.0,15603.0,-0.2041,22546.0,17943.0,-0.2042,202.0,127.0,-0.3713,0.0043,0.0039,-0.093,127.0,70.0,92.0,64.0,0.5799,0.5224,0.4201,0.4776
1121 - DESSERT,CHILLER,1.29,1.28,-0.0078,181.5,77.67,-0.5721,1.16,1.14,-0.0172,10867.0,12224.0,0.1249,12606.0,13935.0,0.1054,312.0,204.0,-0.3462,0.0068,0.0063,-0.0735,215.0,112.0,110.0,99.0,0.6615,0.5308,0.3385,0.4692
1151 - RTD JUICE,CHILLER,1.34,1.45,0.0821,3566.5,624.67,-0.8249,1.79,1.26,-0.2961,11054.0,14330.0,0.2964,19787.0,18056.0,-0.0875,3984.0,1489.0,-0.6263,0.1329,0.0504,-0.6208,3412.0,649.0,772.0,1012.0,0.8155,0.3907,0.1845,0.6093
1154 - RTD TEA,CHILLER,2.01,2.43,0.209,4132.0,1544.0,-0.6263,1.59,1.52,-0.044,9997.0,11609.0,0.1612,15895.0,17646.0,0.1102,5184.0,3040.0,-0.4136,0.154,0.1246,-0.1909,3965.0,1983.0,1806.0,1494.0,0.6871,0.5703,0.3129,0.4297
1156 - RTD COFFEE,CHILLER,1.56,1.68,0.0769,1822.0,1321.33,-0.2748,1.44,1.54,0.0694,11064.0,12038.0,0.088,15932.0,18539.0,0.1636,2527.0,2582.0,0.0218,0.0679,0.1066,0.57,1066.0,1392.0,1800.0,1539.0,0.3719,0.4749,0.6281,0.5251
1231 - TRADITIONAL DRINK,CHILLER,1.57,1.42,-0.0955,3.5,4.0,0.1429,1.0,1.0,0.0,15286.0,14942.0,-0.0225,15286.0,14942.0,-0.0225,7.0,12.0,0.7143,0.0001,0.0003,2.0,0.0,0.0,7.0,12.0,0.0,0.0,1.0,1.0
2022 - SPECIALTY LIQUID MILK,CHILLER,2.44,1.87,-0.2336,93.0,82.33,-0.1147,1.19,1.25,0.0504,23517.0,20232.0,-0.1397,27985.0,25290.0,-0.0963,156.0,198.0,0.2692,0.0035,0.0066,0.8857,109.0,101.0,79.0,123.0,0.5798,0.4509,0.4202,0.5491
2023 - TETRAPACK LIQUID MILK,CHILLER,2.22,2.01,-0.0946,5327.5,2786.0,-0.4771,1.66,1.69,0.0181,22659.0,11155.0,-0.5077,37614.0,18852.0,-0.4988,6420.0,4937.0,-0.231,0.1986,0.2248,0.1319,4012.0,2672.0,3690.0,3281.0,0.5209,0.4488,0.4791,0.5512
2024 - BOTTLE - CAN LIQUID MILK,CHILLER,2.31,2.27,-0.0173,1835.5,1232.67,-0.3284,1.38,1.44,0.0435,23781.0,20059.0,-0.1565,32818.0,28885.0,-0.1198,2653.0,2572.0,-0.0305,0.0684,0.0995,0.4547,1742.0,1750.0,1234.0,1177.0,0.5853,0.5979,0.4147,0.4021
2025 - PLANT BASED LIQUID MILK,CHILLER,1.66,1.44,-0.1325,677.5,333.67,-0.5075,1.34,1.4,0.0448,15689.0,14398.0,-0.0823,21023.0,20157.0,-0.0412,1012.0,715.0,-0.2935,0.0253,0.0269,0.0632,355.0,183.0,729.0,602.0,0.3275,0.2331,0.6725,0.7669
6211 - FRESH MILK,CHILLER,1.26,1.31,0.0397,42.5,23.33,-0.4511,1.25,1.23,-0.016,27418.0,23179.0,-0.1546,34272.0,28510.0,-0.1681,68.0,57.0,-0.1618,0.0016,0.0019,0.1875,17.0,11.0,56.0,47.0,0.2329,0.1897,0.7671,0.8103
6212 - YOGHURT,CHILLER,2.11,1.8,-0.1469,2574.5,1276.67,-0.5041,1.48,1.5,0.0135,14630.0,12759.0,-0.1279,21652.0,19138.0,-0.1161,3485.0,2554.0,-0.2671,0.096,0.103,0.0729,1533.0,969.0,2562.0,2034.0,0.3744,0.3227,0.6256,0.6773
6218 - PUDDING,CHILLER,1.57,1.39,-0.1146,146.5,158.33,0.0808,1.2,1.25,0.0417,11635.0,10186.0,-0.1245,13962.0,12732.0,-0.0881,245.0,380.0,0.551,0.0055,0.0128,1.3273,102.0,231.0,160.0,185.0,0.3893,0.5553,0.6107,0.4447
6226 - CHILLED MEAT BALLS,CHILLER,1.55,1.35,-0.129,523.0,315.0,-0.3977,1.27,1.26,-0.0079,13742.0,12302.0,-0.1048,17452.0,15501.0,-0.1118,821.0,749.0,-0.0877,0.0195,0.0254,0.3026,397.0,321.0,483.0,493.0,0.4511,0.3943,0.5489,0.6057
6227 - CHILLED SAUSAGES,CHILLER,1.8,1.75,-0.0278,2148.5,1347.67,-0.3727,1.37,1.46,0.0657,16239.0,15650.0,-0.0363,22247.0,22849.0,0.0271,3147.0,2768.0,-0.1204,0.0801,0.1088,0.3583,1344.0,1602.0,2178.0,1662.0,0.3816,0.4908,0.6184,0.5092
6234 - FROZEN SEAFOOD,CHILLER,1.09,1.11,0.0183,17.5,9.0,-0.4857,1.03,1.04,0.0097,29777.0,30411.0,0.0213,30670.0,31627.0,0.0312,34.0,26.0,-0.2353,0.0007,0.0007,0.0,19.0,11.0,17.0,15.0,0.5278,0.4231,0.4722,0.5769
6521 - LOCAL FRUIT,CHILLER,1.53,2.2,0.4379,8.5,3.33,-0.6082,1.13,1.11,-0.0177,9176.0,13200.0,0.4385,10369.0,14652.0,0.4131,15.0,9.0,-0.4,0.0003,0.0003,0.0,0.0,0.0,15.0,9.0,0.0,0.0,1.0,1.0
6524 - SEASONAL FRUIT,CHILLER,1.19,1.0,-0.1597,8.0,10.67,0.3338,1.07,1.07,0.0,32444.0,31619.0,-0.0254,34715.0,33832.0,-0.0254,15.0,30.0,1.0,0.0003,0.0009,2.0,2.0,12.0,13.0,18.0,0.1333,0.4,0.8667,0.6
6223 - READY TO COOK,FREEZER NUGGET,1.0,1.11,0.11,7.0,3.0,-0.5714,1.08,1.0,-0.0741,39700.0,44111.0,0.1111,42876.0,44111.0,0.0288,13.0,9.0,-0.3077,0.0063,0.0081,0.2857,10.0,4.0,3.0,5.0,0.7692,0.4444,0.2308,0.5556
6231 - CHICKEN NUGGET,FREEZER NUGGET,1.12,1.19,0.0625,995.5,338.67,-0.6598,1.25,1.22,-0.024,53982.0,60539.0,0.1215,67478.0,73858.0,0.0945,1590.0,834.0,-0.4755,0.8993,0.9112,0.0132,781.0,354.0,936.0,570.0,0.4549,0.3831,0.5451,0.6169
6232 - VEGETABLE,FREEZER NUGGET,1.05,1.02,-0.0286,133.0,42.67,-0.6792,1.11,1.17,0.0541,34545.0,31972.0,-0.0745,38345.0,37407.0,-0.0245,239.0,109.0,-0.5439,0.1201,0.1148,-0.0441,65.0,18.0,181.0,94.0,0.2642,0.1607,0.7358,0.8393
6711 - BEEF MEAT,FREEZER NUGGET,1.0,,,0.5,,,1.0,,,37500.0,,,37500.0,,,1.0,,,0.0005,,,0.0,,1.0,,0.0,,1.0,
6721 - BROILER,FREEZER NUGGET,1.0,1.0,0.0,3.5,0.67,-0.8086,1.0,1.0,0.0,61929.0,61500.0,-0.0069,61929.0,61500.0,-0.0069,7.0,2.0,-0.7143,0.0032,0.0018,-0.4375,0.0,0.0,7.0,2.0,0.0,0.0,1.0,1.0
6241 - TAKE HOME ICE CREAM,ICE CREAM,1.11,1.11,0.0,664.0,262.0,-0.6054,1.14,1.15,0.0088,35207.0,35396.0,0.0054,40136.0,40705.0,0.0142,1165.0,686.0,-0.4112,0.0673,0.0569,-0.1545,369.0,81.0,823.0,622.0,0.3096,0.1152,0.6904,0.8848
6242 - IMPULSE ICE CREAM,ICE CREAM,2.66,2.07,-0.2218,9393.5,4411.0,-0.5304,1.57,1.54,-0.0191,19441.0,15921.0,-0.1811,30522.0,24518.0,-0.1967,11997.0,8600.0,-0.2832,0.9519,0.9572,0.0056,4910.0,1504.0,9625.0,8095.0,0.3378,0.1567,0.6622,0.8433
3111 - ANALGESIC,MEDICINE & BABY CARE,1.63,1.4,-0.1411,170.0,234.67,0.3804,1.26,1.24,-0.0159,12961.0,10111.0,-0.2199,16331.0,12538.0,-0.2323,270.0,566.0,1.0963,0.0206,0.0614,1.9806,96.0,173.0,201.0,444.0,0.3232,0.2804,0.6768,0.7196
3112 - ANALGESIC & COLD REMEDIES,MEDICINE & BABY CARE,1.46,1.24,-0.1507,98.5,148.67,0.5093,1.19,1.13,-0.0504,7760.0,7372.0,-0.05,9234.0,8330.0,-0.0979,165.0,393.0,1.3818,0.0119,0.0389,2.2689,3.0,0.0,162.0,393.0,0.0182,0.0,0.9818,1.0
3113 - ANTACIDS,MEDICINE & BABY CARE,1.77,1.55,-0.1243,179.0,96.67,-0.4599,1.17,1.14,-0.0256,10007.0,11448.0,0.144,11708.0,13051.0,0.1147,305.0,254.0,-0.1672,0.0217,0.0253,0.1659,148.0,118.0,176.0,154.0,0.4568,0.4338,0.5432,0.5662
3114 - KIDS COUGH MEDICINE,MEDICINE & BABY CARE,1.0,1.02,0.02,16.5,16.67,0.0103,1.0,1.19,0.19,21015.0,21632.0,0.0294,21015.0,25742.0,0.2249,33.0,42.0,0.2727,0.002,0.0044,1.2,2.0,26.0,31.0,19.0,0.0606,0.5778,0.9394,0.4222
3115 - ADULT COUGH MEDICINE,MEDICINE & BABY CARE,1.44,1.24,-0.1389,309.0,193.0,-0.3754,1.14,1.16,0.0175,22644.0,22441.0,-0.009,25814.0,26032.0,0.0084,540.0,500.0,-0.0741,0.0374,0.0505,0.3503,261.0,173.0,315.0,355.0,0.4531,0.3277,0.5469,0.6723
3116 - DIARRHEA & CONSTIPATION,MEDICINE & BABY CARE,1.51,1.28,-0.1523,145.5,53.33,-0.6335,1.13,1.13,0.0,18721.0,14981.0,-0.1998,21155.0,16929.0,-0.1998,257.0,142.0,-0.4475,0.0176,0.014,-0.2045,67.0,18.0,198.0,127.0,0.2528,0.1241,0.7472,0.8759
3118 - ADULT VITAMINS/SUPLEMENT,MEDICINE & BABY CARE,1.51,1.45,-0.0397,690.0,309.33,-0.5517,1.23,1.23,0.0,23543.0,19681.0,-0.164,28958.0,24208.0,-0.164,1125.0,755.0,-0.3289,0.0835,0.081,-0.0299,433.0,349.0,777.0,483.0,0.3579,0.4195,0.6421,0.5805
3119 - ATHELMINTICS,MEDICINE & BABY CARE,1.07,1.15,0.0748,7.5,4.33,-0.4227,1.0,1.0,0.0,24747.0,27200.0,0.0991,24747.0,27200.0,0.0991,15.0,13.0,-0.1333,0.0009,0.0011,0.2222,1.0,0.0,14.0,13.0,0.0667,0.0,0.9333,1.0
3121 - PLESTER,MEDICINE & BABY CARE,1.64,1.49,-0.0915,683.0,279.33,-0.591,1.13,1.12,-0.0088,19595.0,18074.0,-0.0776,22142.0,20243.0,-0.0858,1209.0,750.0,-0.3797,0.0826,0.0731,-0.115,694.0,357.0,611.0,462.0,0.5318,0.4359,0.4682,0.5641
3123 - ANTISEPTIC,MEDICINE & BABY CARE,1.2,1.02,-0.15,41.5,19.33,-0.5342,1.06,1.05,-0.0094,31117.0,27924.0,-0.1026,32984.0,29320.0,-0.1111,78.0,55.0,-0.2949,0.005,0.0051,0.02,33.0,27.0,45.0,28.0,0.4231,0.4909,0.5769,0.5091
3124 - EYE DROPS,MEDICINE & BABY CARE,1.0,1.0,0.0,14.5,29.67,1.0462,1.07,1.03,-0.0374,18686.0,19711.0,0.0549,19994.0,20302.0,0.0154,27.0,86.0,2.1852,0.0018,0.0078,3.3333,4.0,55.0,23.0,33.0,0.1481,0.625,0.8519,0.375
"3125 - SALVE, BALM, CREAM & LIQ MEDICINE",MEDICINE & BABY CARE,1.09,1.08,-0.0092,216.5,110.67,-0.4888,1.06,1.08,0.0189,28301.0,24575.0,-0.1317,29999.0,26541.0,-0.1153,407.0,308.0,-0.2432,0.0262,0.029,0.1069,225.0,160.0,196.0,159.0,0.5344,0.5016,0.4656,0.4984
3127 - FUNGICIDES,MEDICINE & BABY CARE,1.05,1.08,0.0286,20.5,16.0,-0.2195,1.0,1.17,0.17,17412.0,19254.0,0.1058,17412.0,22527.0,0.2938,41.0,41.0,0.0,0.0025,0.0042,0.68,6.0,2.0,35.0,39.0,0.1463,0.0488,0.8537,0.9512
3131 - TRADITIONAL & CHINESE,MEDICINE & BABY CARE,1.61,1.55,-0.0373,1091.5,562.33,-0.4848,1.2,1.2,0.0,21371.0,19650.0,-0.0805,25645.0,23580.0,-0.0805,1826.0,1403.0,-0.2317,0.132,0.1472,0.1152,915.0,703.0,1112.0,849.0,0.4514,0.453,0.5486,0.547
3132 - TELON OIL,MEDICINE & BABY CARE,1.1,1.03,-0.0636,718.0,309.67,-0.5687,1.17,1.17,0.0,30908.0,28336.0,-0.0832,36162.0,33153.0,-0.0832,1227.0,795.0,-0.3521,0.0869,0.0811,-0.0667,1179.0,598.0,61.0,241.0,0.9508,0.7128,0.0492,0.2872
3133 - CAJUPUTI OIL,MEDICINE & BABY CARE,1.13,1.25,0.1062,479.0,178.33,-0.6277,1.17,1.13,-0.0342,26955.0,30382.0,0.1271,31537.0,34332.0,0.0886,817.0,473.0,-0.4211,0.0579,0.0467,-0.1934,686.0,367.0,158.0,124.0,0.8128,0.7475,0.1872,0.2525
3141 - HONEY,MEDICINE & BABY CARE,1.05,1.04,-0.0095,154.0,68.0,-0.5584,1.07,1.09,0.0187,30182.0,34381.0,0.1391,32295.0,37475.0,0.1604,287.0,187.0,-0.3484,0.0186,0.0178,-0.043,177.0,95.0,117.0,99.0,0.602,0.4897,0.398,0.5103
3258 - TALCUM POWDER,MEDICINE & BABY CARE,1.04,1.04,0.0,25.5,8.33,-0.6733,1.04,1.04,0.0,22641.0,23544.0,0.0399,23547.0,24486.0,0.0399,49.0,24.0,-0.5102,0.0031,0.0022,-0.2903,24.0,6.0,26.0,19.0,0.48,0.24,0.52,0.76
3313 - WET TISSUE,MEDICINE & BABY CARE,1.26,1.19,-0.0556,1571.5,590.67,-0.6241,1.35,1.26,-0.0667,18972.0,16978.0,-0.1051,25612.0,21392.0,-0.1648,2322.0,1402.0,-0.3962,0.1901,0.1547,-0.1862,2056.0,1134.0,326.0,324.0,0.8631,0.7778,0.1369,0.2222
3333 - BABY COTTON,MEDICINE & BABY CARE,1.15,1.14,-0.0087,391.5,204.67,-0.4772,1.05,1.09,0.0381,7996.0,7719.0,-0.0346,8396.0,8414.0,0.0021,743.0,563.0,-0.2423,0.0474,0.0536,0.1308,38.0,22.0,708.0,543.0,0.0509,0.0389,0.9491,0.9611
3334 - REGULER COTTON BUD,MEDICINE & BABY CARE,1.1,1.13,0.0273,371.5,219.33,-0.4096,1.05,1.07,0.019,8481.0,8849.0,0.0434,8905.0,9468.0,0.0632,707.0,617.0,-0.1273,0.0449,0.0574,0.2784,26.0,54.0,682.0,567.0,0.0367,0.087,0.9633,0.913
3411 - BABY SHAMPOO,MEDICINE & BABY CARE,1.08,1.07,-0.0093,67.0,41.33,-0.3831,1.1,1.13,0.0273,17690.0,17304.0,-0.0218,19459.0,19554.0,0.0049,122.0,110.0,-0.0984,0.0081,0.0108,0.3333,93.0,62.0,36.0,53.0,0.7209,0.5391,0.2791,0.4609
3412 - BABY BAR SOAP,MEDICINE & BABY CARE,1.39,1.55,0.1151,113.0,57.67,-0.4896,1.14,1.14,0.0,7549.0,7987.0,0.058,8606.0,9105.0,0.058,198.0,152.0,-0.2323,0.0137,0.0151,0.1022,38.0,76.0,168.0,84.0,0.1845,0.475,0.8155,0.525
3413 - BABY COLOGNE,MEDICINE & BABY CARE,1.15,1.03,-0.1043,91.0,38.33,-0.5788,1.12,1.12,0.0,32031.0,29391.0,-0.0824,35875.0,32918.0,-0.0824,163.0,103.0,-0.3681,0.011,0.01,-0.0909,137.0,73.0,31.0,32.0,0.8155,0.6952,0.1845,0.3048
3414 - BABY TALCUM POWDER,MEDICINE & BABY CARE,1.15,1.04,-0.0957,193.5,97.33,-0.497,1.09,1.1,0.0092,14675.0,12474.0,-0.15,15996.0,13721.0,-0.1422,354.0,265.0,-0.2514,0.0234,0.0255,0.0897,216.0,176.0,149.0,96.0,0.5918,0.6471,0.4082,0.3529
"3415 - BABY LOTION, OIL & CREAM",MEDICINE & BABY CARE,1.16,1.08,-0.069,350.5,165.0,-0.5292,1.13,1.11,-0.0177,28300.0,23178.0,-0.181,31979.0,25728.0,-0.1955,623.0,445.0,-0.2857,0.0424,0.0432,0.0189,491.0,312.0,164.0,158.0,0.7496,0.6638,0.2504,0.3362
3416 - BABY LIQUID SOAP,MEDICINE & BABY CARE,1.16,1.08,-0.069,654.0,276.67,-0.577,1.21,1.2,-0.0083,35498.0,32985.0,-0.0708,42953.0,39582.0,-0.0785,1080.0,690.0,-0.3611,0.0791,0.0724,-0.0847,969.0,597.0,156.0,115.0,0.8613,0.8385,0.1387,0.1615
3417 - BABY LIQUID DET & SOFTENER,MEDICINE & BABY CARE,1.59,1.26,-0.2075,37.0,6.33,-0.8289,1.12,1.0,-0.1071,43151.0,35474.0,-0.1779,48329.0,35474.0,-0.266,66.0,19.0,-0.7121,0.0045,0.0017,-0.6222,48.0,4.0,20.0,16.0,0.7059,0.2,0.2941,0.8
3421 - KIDS SHAMPOO,MEDICINE & BABY CARE,1.15,1.09,-0.0522,196.5,82.0,-0.5827,1.14,1.09,-0.0439,19260.0,18554.0,-0.0367,21956.0,20224.0,-0.0789,346.0,225.0,-0.3497,0.0238,0.0215,-0.0966,262.0,163.0,99.0,72.0,0.7258,0.6936,0.2742,0.3064
3422 - KIDS COLOGNE,MEDICINE & BABY CARE,1.13,1.08,-0.0442,170.5,99.0,-0.4194,1.16,1.11,-0.0431,19898.0,18958.0,-0.0472,23082.0,21043.0,-0.0883,293.0,267.0,-0.0887,0.0206,0.0259,0.2573,182.0,130.0,129.0,158.0,0.5852,0.4514,0.4148,0.5486
3423 - KIDS LIQUID SOAP,MEDICINE & BABY CARE,1.16,1.09,-0.0603,237.5,69.67,-0.7067,1.16,1.11,-0.0431,26008.0,23130.0,-0.1107,30169.0,25674.0,-0.149,409.0,188.0,-0.5403,0.0287,0.0182,-0.3659,324.0,149.0,101.0,45.0,0.7624,0.768,0.2376,0.232
3424 - TOOTH PASTE KIDS,MEDICINE & BABY CARE,1.24,1.22,-0.0161,482.0,213.67,-0.5567,1.14,1.14,0.0,11918.0,11267.0,-0.0546,13587.0,12844.0,-0.0547,843.0,561.0,-0.3345,0.0583,0.0559,-0.0412,607.0,424.0,290.0,169.0,0.6767,0.715,0.3233,0.285
3425 - TOOTH BRUSH KIDS,MEDICINE & BABY CARE,1.22,1.2,-0.0164,335.5,177.33,-0.4714,1.06,1.06,0.0,15572.0,15312.0,-0.0167,16506.0,16231.0,-0.0167,632.0,502.0,-0.2057,0.0406,0.0464,0.1429,505.0,371.0,155.0,157.0,0.7652,0.7027,0.2348,0.2973
3426 - KIDS HAIR VITAMIN,MEDICINE & BABY CARE,1.0,1.0,0.0,12.0,7.0,-0.4167,1.0,1.05,0.05,15567.0,15514.0,-0.0034,15567.0,16290.0,0.0464,24.0,20.0,-0.1667,0.0015,0.0018,0.2,21.0,19.0,3.0,1.0,0.875,0.95,0.125,0.05
3441 - MOTHER CARE,MEDICINE & BABY CARE,,1.0,,,0.33,,,1.0,,,64900.0,,,64900.0,,,1.0,,,0.0001,,,0.0,,1.0,,0.0,,1.0
"3443 - NURSING, BOTTLE & PACIFIER",MEDICINE & BABY CARE,1.09,1.08,-0.0092,63.5,43.0,-0.3228,1.08,1.1,0.0185,48363.0,50461.0,0.0434,52232.0,55507.0,0.0627,118.0,117.0,-0.0085,0.0077,0.0113,0.4675,50.0,65.0,75.0,59.0,0.4,0.5242,0.6,0.4758
3444 - BABY EQUIPMENT,MEDICINE & BABY CARE,4.71,1.0,-0.7877,19.0,3.67,-0.8068,1.41,1.0,-0.2908,154629.0,40591.0,-0.7375,218027.0,40591.0,-0.8138,27.0,11.0,-0.5926,0.0023,0.001,-0.5652,22.0,5.0,5.0,6.0,0.8148,0.4545,0.1852,0.5455
3446 - BABY LIQUID CLEANSER,MEDICINE & BABY CARE,1.16,1.07,-0.0776,211.0,68.0,-0.6777,1.22,1.15,-0.0574,25764.0,23513.0,-0.0874,31432.0,27040.0,-0.1397,345.0,177.0,-0.487,0.0255,0.0178,-0.302,267.0,125.0,100.0,56.0,0.7275,0.6906,0.2725,0.3094
2321 - POCKET CANDY,MEJA KASIR,1.44,1.49,0.0347,5238.5,3276.33,-0.3746,1.39,1.44,0.036,9580.0,10398.0,0.0854,13316.0,14973.0,0.1244,7555.0,6823.0,-0.0969,0.4064,0.4041,-0.0057,4312.0,3333.0,4399.0,4647.0,0.495,0.4177,0.505,0.5823
2332 - BLOCK CHOCOLATE,MEJA KASIR,1.54,1.55,0.0065,3397.5,1865.0,-0.4511,1.29,1.3,0.0078,28049.0,28153.0,0.0037,36183.0,36599.0,0.0115,5268.0,4291.0,-0.1855,0.2636,0.23,-0.1275,3604.0,2829.0,2122.0,1877.0,0.6294,0.6011,0.3706,0.3989
2341 - POCKET CHEWING GUM,MEJA KASIR,1.37,1.3,-0.0511,453.5,296.0,-0.3473,1.1,1.18,0.0727,6696.0,6569.0,-0.019,7366.0,7751.0,0.0523,821.0,753.0,-0.0828,0.0352,0.0365,0.0369,215.0,105.0,643.0,673.0,0.2506,0.135,0.7494,0.865
2342 - BOTTLE CHEWING GUM,MEJA KASIR,1.06,1.09,0.0283,191.0,148.33,-0.2234,1.1,1.13,0.0273,14167.0,13882.0,-0.0201,15584.0,15687.0,0.0066,346.0,394.0,0.1387,0.0148,0.0183,0.2365,93.0,128.0,262.0,290.0,0.262,0.3062,0.738,0.6938
2343 - BAG CHEWING GUM,MEJA KASIR,1.01,1.1,0.0891,34.5,36.0,0.0435,1.23,1.15,-0.065,15439.0,16402.0,0.0624,18990.0,18862.0,-0.0067,56.0,94.0,0.6786,0.0027,0.0044,0.6296,0.0,0.0,56.0,94.0,0.0,0.0,1.0,1.0
3117 - KIDS VITAMINS,MEJA KASIR,1.19,1.14,-0.042,433.0,132.67,-0.6936,1.25,1.17,-0.064,30610.0,27412.0,-0.1045,38262.0,32072.0,-0.1618,692.0,339.0,-0.5101,0.0336,0.0164,-0.5119,554.0,230.0,167.0,129.0,0.7684,0.6407,0.2316,0.3593
3122 - PREGNANT TEST & CONTRACEPTION,MEJA KASIR,1.26,1.16,-0.0794,724.0,259.67,-0.6413,1.22,1.18,-0.0328,28668.0,27239.0,-0.0498,34975.0,32142.0,-0.081,1191.0,658.0,-0.4475,0.0562,0.032,-0.4306,435.0,245.0,903.0,482.0,0.3251,0.337,0.6749,0.663
4111 - ALKALINE,MEJA KASIR,1.15,1.16,0.0087,349.0,222.67,-0.362,1.06,1.05,-0.0094,40438.0,38686.0,-0.0433,42864.0,40620.0,-0.0524,658.0,634.0,-0.0365,0.0271,0.0275,0.0148,281.0,212.0,404.0,453.0,0.4102,0.3188,0.5898,0.6812
4112 - ZINC CARBON,MEJA KASIR,1.16,1.12,-0.0345,647.0,339.0,-0.476,1.05,1.06,0.0095,20873.0,20554.0,-0.0153,21917.0,21787.0,-0.0059,1229.0,960.0,-0.2189,0.0502,0.0418,-0.1673,475.0,375.0,823.0,626.0,0.3659,0.3746,0.6341,0.6254
4633 - LEISURE BAG,MEJA KASIR,1.04,1.04,0.0,2384.5,2255.0,-0.0543,1.31,1.43,0.0916,3951.0,3912.0,-0.0099,5176.0,5594.0,0.0808,3629.0,4717.0,0.2998,0.185,0.2781,0.5032,168.0,118.0,3483.0,4637.0,0.046,0.0248,0.954,0.9752
1911 - INSTANT NOODLE BAG,NOODLE,4.15,2.91,-0.2988,3056.0,1343.33,-0.5604,1.6,1.59,-0.0063,17661.0,18749.0,0.0616,28258.0,29811.0,0.055,3820.0,2539.0,-0.3353,0.8484,0.8373,-0.0131,2249.0,1807.0,2675.0,1451.0,0.4567,0.5546,0.5433,0.4454
1912 - INSTANT NOODLE CUP,NOODLE,2.21,1.89,-0.1448,495.0,232.0,-0.5313,1.3,1.29,-0.0077,13623.0,10930.0,-0.1977,17710.0,14100.0,-0.2038,764.0,540.0,-0.2932,0.1374,0.1446,0.0524,388.0,334.0,494.0,313.0,0.4399,0.5162,0.5601,0.4838
1913 - INSTANT RICE NOODLE,NOODLE,2.33,2.96,0.2704,131.5,61.0,-0.5361,1.31,1.2,-0.084,9913.0,11392.0,0.1492,12986.0,13670.0,0.0527,201.0,153.0,-0.2388,0.0365,0.038,0.0411,116.0,97.0,105.0,75.0,0.5249,0.564,0.4751,0.436
1914 - PREPARED NOODLE,NOODLE,1.49,1.5,0.0067,75.0,17.33,-0.7689,1.16,1.21,0.0431,10554.0,10723.0,0.016,12243.0,12975.0,0.0598,129.0,43.0,-0.6667,0.0208,0.0108,-0.4808,27.0,5.0,112.0,39.0,0.1942,0.1136,0.8058,0.8864
1923 - INSTANT PORRIDGE,NOODLE,2.77,2.0,-0.278,58.0,28.0,-0.5172,1.1,1.15,0.0455,12840.0,8888.0,-0.3078,14124.0,10221.0,-0.2763,105.0,73.0,-0.3048,0.0161,0.0175,0.087,61.0,19.0,46.0,55.0,0.5701,0.2568,0.4299,0.7432
4314 - STICKER & ALBUM,STICKER,1.18,1.12,-0.0508,22.0,37.67,0.7123,1.0,1.19,0.19,17820.0,17855.0,0.002,17820.0,21247.0,0.1923,44.0,95.0,1.1591,1.0,1.0,0.0,0.0,2.0,44.0,94.0,0.0,0.0208,1.0,0.9792
3311 - FACIAL TISSUE,TISSUE,1.25,1.23,-0.016,4416.0,1509.67,-0.6581,1.29,1.21,-0.062,25459.0,19714.0,-0.2257,32842.0,23854.0,-0.2737,6854.0,3752.0,-0.4526,0.8835,0.8673,-0.0183,2739.0,2011.0,4627.0,2043.0,0.3718,0.4961,0.6282,0.5039
3312 - HOUSE HOLD TISSUE,TISSUE,1.22,1.14,-0.0656,307.5,66.67,-0.7832,1.26,1.32,0.0476,29105.0,20476.0,-0.2965,36672.0,27028.0,-0.263,489.0,152.0,-0.6892,0.0615,0.0383,-0.3772,126.0,84.0,397.0,88.0,0.2409,0.4884,0.7591,0.5116
3313 - WET TISSUE,TISSUE,1.17,1.13,-0.0342,519.0,253.33,-0.5119,1.18,1.1,-0.0678,19482.0,18101.0,-0.0709,22989.0,19911.0,-0.1339,881.0,689.0,-0.2179,0.1038,0.1455,0.4017,383.0,510.0,529.0,200.0,0.42,0.7183,0.58,0.2817
3123 - ANTISEPTIC,TOOTH CARE,1.11,1.16,0.045,184.0,63.67,-0.654,1.12,1.09,-0.0268,14709.0,15376.0,0.0453,16474.0,16760.0,0.0174,330.0,176.0,-0.4667,0.0214,0.0141,-0.3411,130.0,27.0,218.0,154.0,0.3736,0.1492,0.6264,0.8508
3271 - TOOTH BRUSH,TOOTH CARE,1.09,1.09,0.0,2525.0,1432.0,-0.4329,1.08,1.13,0.0463,17723.0,18606.0,0.0498,19141.0,21025.0,0.0984,4666.0,3815.0,-0.1824,0.2934,0.3163,0.0781,3240.0,2626.0,1623.0,1382.0,0.6663,0.6552,0.3337,0.3448
3272 - TOOTH PASTE,TOOTH CARE,1.28,1.33,0.0391,6066.5,3122.67,-0.4853,1.21,1.3,0.0744,24980.0,25148.0,0.0067,30226.0,32692.0,0.0816,10041.0,7219.0,-0.281,0.705,0.6896,-0.0218,7217.0,4887.0,3466.0,3001.0,0.6756,0.6195,0.3244,0.3805
3273 - MOUTHWASH,TOOTH CARE,1.12,1.09,-0.0268,583.5,320.0,-0.4516,1.15,1.15,0.0,25887.0,24994.0,-0.0345,29770.0,28743.0,-0.0345,1019.0,834.0,-0.1816,0.0678,0.0707,0.0428,713.0,635.0,357.0,233.0,0.6664,0.7316,0.3336,0.2684
3275 - TOOTH CARE PACK,TOOTH CARE,1.11,1.07,-0.036,280.0,155.33,-0.4452,1.04,1.04,0.0,18973.0,18052.0,-0.0485,19732.0,18774.0,-0.0486,536.0,447.0,-0.166,0.0325,0.0343,0.0554,234.0,127.0,318.0,326.0,0.4239,0.2804,0.5761,0.7196
4313 - GAMES & ACCESSORIES,TOY'S,1.47,1.35,-0.0816,15.0,6.67,-0.5553,1.0,1.0,0.0,17753.0,14715.0,-0.1711,17753.0,14715.0,-0.1711,30.0,20.0,-0.3333,0.0225,0.0125,-0.4444,0.0,0.0,30.0,20.0,0.0,0.0,1.0,1.0
4611 - TOYS,TOY'S,1.28,1.24,-0.0313,651.0,525.33,-0.193,1.26,1.29,0.0238,50090.0,51451.0,0.0272,63113.0,66372.0,0.0516,1035.0,1223.0,0.1816,0.9775,0.9875,0.0102,288.0,253.0,814.0,1062.0,0.2613,0.1924,0.7387,0.8076
NAN,UNKNOWN,,1.38,,,589.67,,,1.16,,,12365.0,,,14343.0,,,1522.0,,,1.0,,,310.0,,1273.0,,0.1958,,0.8042
5916 - BEAUTY ACCESSORIES IMPORT,WS CARACTER,1.0,,,1.0,,,1.0,,,16400.0,,,16400.0,,,2.0,,,1.0,,,2.0,,0.0,,1.0,,0.0,
